-- Datasources

insert into catalog.datasources (id, name, connector, connectionstring)
values  ('f04bfe0c-df04-4784-ac48-007630d9497d', 'cs', 1, 'http://host.docker.internal:60002'),
        ('6e69646b-47be-4e80-aa02-06b48b8c7253', 'business', 0, 'User ID=business-user;Password=pw123!;Host=host.docker.internal;Port=60000;Database=business;'),
        ('299b8c61-e018-4cc9-829a-66c5f8832c40', 'shared', 0, 'User ID=shared-user;Password=pw123!;Host=host.docker.internal;Port=60001;Database=shared;');

-- Relations

insert into catalog.relations (id, datasourceid, name, cardinality, metricsdate, connectionopenms, transfer100ms, accesspath)
values  ('6bc26992-4212-5cbe-b87c-94c99cf0f6f5', 'f04bfe0c-df04-4784-ac48-007630d9497d', 'hyperparameter', 18266, '2026-05-19 16:32:18.240133', 88, 501, 'cs_hyperparameter'),
        ('65a511ce-33ff-5d97-baf4-6fa263c0e772', 'f04bfe0c-df04-4784-ac48-007630d9497d', 'benchmark', 250, '2026-05-19 16:32:18.809646', 2, 150, 'cs_benchmark'),
        ('30d1fdff-1aef-55f9-9d10-89275a4c5431', 'f04bfe0c-df04-4784-ac48-007630d9497d', 'user_study', 12, '2026-05-19 16:32:19.143304', 2, 128, 'cs_user_study'),
        ('ee7e945f-ccc3-59c7-91a5-04b4f91b8336', 'f04bfe0c-df04-4784-ac48-007630d9497d', 'study_observation', 1677, '2026-05-19 16:32:19.748170', 3, 164, 'cs_study_observation'),
        ('3148a54b-32d3-5745-a8a1-1f0f43579fcd', 'f04bfe0c-df04-4784-ac48-007630d9497d', 'run_metric', 29724, '2026-05-19 16:32:22.667396', 2, 512, 'cs_run_metric'),
        ('5d253f28-320d-4c80-8336-2b43a3ec90f7', 'f04bfe0c-df04-4784-ac48-007630d9497d', 'task_type', 5, '2026-05-19 16:32:23.293697', 2, 103, 'cs_task_type'),
        ('a02da6e3-a580-5187-b0a7-01dede0f818a', 'f04bfe0c-df04-4784-ac48-007630d9497d', 'algorithm', 25, '2026-05-19 16:32:23.566935', 3, 128, 'cs_algorithm'),
        ('a1046b3e-e354-5b2f-ae14-564792799f06', 'f04bfe0c-df04-4784-ac48-007630d9497d', 'experiment_run', 5619, '2026-05-19 16:32:25.046204', 3, 221, 'cs_experiment_run'),
        ('3c2e4bf8-4ec3-4833-8bc1-b2413c8a1b2f', '6e69646b-47be-4e80-aa02-06b48b8c7253', 'public.biz_consumer_decision', 1596, '2026-05-19 16:32:28.625922', 37, 1, null),
        ('43ef2ae8-018d-45e6-8fcc-3c7d163c3fc6', '6e69646b-47be-4e80-aa02-06b48b8c7253', 'public.biz_employment_wave', 3540, '2026-05-19 16:32:28.765663', 29, 12, null),
        ('9df4d669-3ae6-4eae-9866-82ba1d947cb8', '6e69646b-47be-4e80-aa02-06b48b8c7253', 'public.biz_market_sentiment', 66, '2026-05-19 16:32:28.743576', 33, 8, null),
        ('9fdb83fd-4aa0-4289-b711-6f11245d3e14', '6e69646b-47be-4e80-aa02-06b48b8c7253', 'public.biz_response_item', 13067, '2026-05-19 16:32:28.759364', 25, 1, null),
        ('380a5ce4-cd5d-41be-9e31-4762e9b233af', '6e69646b-47be-4e80-aa02-06b48b8c7253', 'public.biz_study', 20, '2026-05-19 16:32:28.709270', 24, 1, null),
        ('3d88974b-9aeb-4890-83a5-a4eef34de088', '6e69646b-47be-4e80-aa02-06b48b8c7253', 'public.biz_study_dataset', 47, '2026-05-19 16:32:28.735561', 24, 3, null),
        ('3e39a0ba-91cd-437f-be44-94ec2cb8b3aa', '6e69646b-47be-4e80-aa02-06b48b8c7253', 'public.biz_survey_response', 1197, '2026-05-19 16:32:28.736248', 26, 1, null),
        ('d0117bd8-ab46-42d1-bbad-6ed4a8d643d6', '299b8c61-e018-4cc9-829a-66c5f8832c40', 'public.open_dataset', 30, '2026-05-19 16:32:33.487995', 17, 2, null),
        ('b9a3ee97-2583-4734-b7cb-8a6643250c13', '299b8c61-e018-4cc9-829a-66c5f8832c40', 'public.respondent', 800, '2026-05-19 16:32:33.651805', 34, 1, null),
        ('af257443-7cc3-4f91-9f84-6c0e02023ad1', '299b8c61-e018-4cc9-829a-66c5f8832c40', 'public.survey_instrument', 15, '2026-05-19 16:32:33.653593', 25, 1, null);

-- attributes

insert into catalog.attributes (id, relationid, name, distinctcardinality, metricsdate, min, max, datatype, mean, standarddeviation, range, meanbinheight)
values  ('9915733e-6f8a-5d29-baf6-c1cee37e6f44', '6bc26992-4212-5cbe-b87c-94c99cf0f6f5', 'param_type', 3, '2026-05-19 16:32:18.246188', 3539, 8353, 'String', 6088.666666666667, 1975.6366625020457, 4814, 1),
        ('08c5354a-9980-5cde-8ab3-94f01d09bd92', '6bc26992-4212-5cbe-b87c-94c99cf0f6f5', 'param_value', 6180, '2026-05-19 16:32:18.289644', 1, 969, 'String', 2.955663430420712, 39.20851620511507, 968, 325.2631578947368),
        ('5cefe01b-f0db-52b8-b945-89b2acc25f78', '6bc26992-4212-5cbe-b87c-94c99cf0f6f5', 'run_id', 4954, '2026-05-19 16:32:18.319909', 1, 5619, 'Number', 2813.6359903646116, 1626.2207186036885, 5618, 3.6871215179652808),
        ('c80b3235-73b0-516c-b06e-3268ff36d8bf', '6bc26992-4212-5cbe-b87c-94c99cf0f6f5', 'param_name', 21, '2026-05-19 16:32:18.413376', 2, 1746, 'String', 869.8095238095239, 566.3928990548638, 1744, 2.1),
        ('55fba01e-cdcc-51b2-8d43-b810f0bb1912', 'ee7e945f-ccc3-59c7-91a5-04b4f91b8336', 'nasa_tlx_score', 1520, '2026-05-19 16:32:19.825018', 10.09, 89.92, 'Number', 49.48409063804418, 23.317067566815904, 79.83, 1.1032894736842105),
        ('74d49a64-ed05-413e-937a-b4939d191d6d', '5d253f28-320d-4c80-8336-2b43a3ec90f7', 'id', 5, '2026-05-19 16:32:23.293714', 1, 5, 'Number', 3, 1.4142135623730951, 4, 1),
        ('91b4b144-7caf-4c10-a155-631368a3cf49', '5d253f28-320d-4c80-8336-2b43a3ec90f7', 'name', 5, '2026-05-19 16:32:23.297846', 1, 1, 'String', 1, 0, 0, 5),
        ('2b90f37e-6ba8-52b5-9e1d-d95ad37313dc', 'a1046b3e-e354-5b2f-ae14-564792799f06', 'train_time_secs', 4955, '2026-05-19 16:32:25.052591', -248208.586, 278520.763, 'Number', -1946.2406814695169, 71982.43833863574, 526729.3489999999, 1.1340060544904138),
        ('614dcd95-c5c9-51c0-83c9-fd830719a9ba', 'a1046b3e-e354-5b2f-ae14-564792799f06', 'peak_memory_mb', 4952, '2026-05-19 16:32:25.073597', 517.62, 40958.1, 'Number', 21023.719241017403, 11607.813186208175, 40440.479999999996, 1.1346930533117932),
        ('7042b804-4a2e-50c2-bd9c-48bd7bd790e3', 'a1046b3e-e354-5b2f-ae14-564792799f06', 'git_commit', 5619, '2026-05-19 16:32:25.087191', 1, 1, 'String', 1, 0, 0, 5619),
        ('26c18881-3b12-59d3-933d-8147c28aa44a', 'a1046b3e-e354-5b2f-ae14-564792799f06', 'status', 3, '2026-05-19 16:32:25.095200', 288, 4954, 'String', 1873, 2178.8989574247507, 4666, 1),
        ('34244e2e-ebda-5fd1-970d-08e6df6e403d', 'a1046b3e-e354-5b2f-ae14-564792799f06', 'id', 5619, '2026-05-19 16:32:25.099944', 1, 5619, 'Number', 2810, 1622.0655556008414, 5618, 1),
        ('f0d5144a-e4bd-5e80-a97a-85340fe7d028', 'a1046b3e-e354-5b2f-ae14-564792799f06', 'random_seed', 5454, '2026-05-19 16:32:25.106774', 3, 99987, 'Number', 48980.51521623065, 28772.960660937228, 99984, 1.0302530253025302),
        ('d26fd471-c97e-547b-9a5a-aacb6a8e2873', 'a1046b3e-e354-5b2f-ae14-564792799f06', 'hardware_tag', 6, '2026-05-19 16:32:25.132455', 880, 966, 'String', 936.5, 29.58462438497403, 86, 1),
        ('cc75fd18-4c48-58d8-bdf1-37c854bcb815', 'a1046b3e-e354-5b2f-ae14-564792799f06', 'benchmark_id', 250, '2026-05-19 16:32:25.135954', 1, 250, 'Number', 125.06922940024916, 71.4551795816684, 249, 22.476),
        ('7a1933c2-1b0f-5b23-aa00-be1aa41e91ca', '30d1fdff-1aef-55f9-9d10-89275a4c5431', 'title', 12, '2026-05-19 16:32:19.143345', 1, 1, 'String', 1, 0, 0, 12),
        ('de1b4bd3-ce85-5ffd-a00e-f1717172a0fa', '65a511ce-33ff-5d97-baf4-6fa263c0e772', 'id', 250, '2026-05-19 16:32:18.809749', 1, 250, 'Number', 125.5, 72.16820629612461, 249, 1),
        ('7df08fb3-5757-566b-a75d-d6d86f5539d7', '65a511ce-33ff-5d97-baf4-6fa263c0e772', 'name', 241, '2026-05-19 16:32:18.812992', 1, 2, 'String', 1.037344398340249, 0.189604309689558, 1, 120.5),
        ('ae1cbdc5-f0b6-53ad-8411-72efcc8d0ef4', '65a511ce-33ff-5d97-baf4-6fa263c0e772', 'task_type', 5, '2026-05-19 16:32:18.818333', 1, 5, 'Number', 1.508, 1.020752663479256, 4, 50),
        ('8194d444-bf67-5536-b150-584111c6b0fa', '65a511ce-33ff-5d97-baf4-6fa263c0e772', 'dataset_id', 29, '2026-05-19 16:32:18.821814', 1, 30, 'Number', 16.08, 8.320673049699764, 29, 8.620689655172415),
        ('4a3b67c6-58fa-5f60-ba80-3a47e010e035', '65a511ce-33ff-5d97-baf4-6fa263c0e772', 'train_split_pct', 4, '2026-05-19 16:32:18.832312', 60, 80, 'Number', 70.2, 7.26360791893396, 20, 62.5),
        ('eaf838d5-1537-59b4-b22f-ccd6a853948e', '65a511ce-33ff-5d97-baf4-6fa263c0e772', 'eval_metric', 8, '2026-05-19 16:32:18.840404', 25, 43, 'String', 31.25, 5.2855936279664935, 18, 1.1428571428571428),
        ('9dd32c1e-9083-5b89-b2e7-645601b35d39', '65a511ce-33ff-5d97-baf4-6fa263c0e772', 'created_at', 231, '2026-05-19 16:32:18.849471', 1, 3, 'String', 1.0822510822510822, 0.30463397551098215, 2, 77),
        ('582e6026-5b7f-5522-b9b3-76b677167f5b', '65a511ce-33ff-5d97-baf4-6fa263c0e772', 'notes', 250, '2026-05-19 16:32:18.853953', 1, 1, 'String', 1, 0, 0, 250),
        ('11371846-cb26-5e94-88ec-2909bae7a7c1', '30d1fdff-1aef-55f9-9d10-89275a4c5431', 'start_date', 12, '2026-05-19 16:32:19.148352', 1, 1, 'String', 1, 0, 0, 12),
        ('8c2a50d6-38bc-54b5-9754-ae47f262dd4c', '30d1fdff-1aef-55f9-9d10-89275a4c5431', 'end_date', 12, '2026-05-19 16:32:19.152509', 1, 1, 'String', 1, 0, 0, 12),
        ('c1dd2b17-5f72-5f39-a197-b84587e53f9d', '30d1fdff-1aef-55f9-9d10-89275a4c5431', 'n_participants', 12, '2026-05-19 16:32:19.157175', 24, 58, 'Number', 40.166666666666664, 11.297738220054885, 34, 1),
        ('cc5b2682-852f-5547-9a50-5581d1884d24', '30d1fdff-1aef-55f9-9d10-89275a4c5431', 'protocol', 4, '2026-05-19 16:32:19.159338', 1, 5, 'String', 3, 1.5811388300841898, 4, 1),
        ('19cb1572-61ed-556b-835d-4d176d8c8b1d', '30d1fdff-1aef-55f9-9d10-89275a4c5431', 'id', 12, '2026-05-19 16:32:19.162333', 1, 12, 'Number', 6.5, 3.452052529534663, 11, 1),
        ('4c793377-cb18-5033-9fbc-03ead23cdda8', '30d1fdff-1aef-55f9-9d10-89275a4c5431', 'system_tested', 12, '2026-05-19 16:32:19.166426', 1, 1, 'String', 1, 0, 0, 12),
        ('669e4394-1558-5f0e-afb7-23844bb614ea', '30d1fdff-1aef-55f9-9d10-89275a4c5431', 'algorithm_id', 10, '2026-05-19 16:32:19.170941', 1, 24, 'Number', 14.8, 7.66550715869472, 23, 1.2),
        ('a1eb558c-3700-5864-bfe9-72804e1cf0bb', '30d1fdff-1aef-55f9-9d10-89275a4c5431', 'instrument_id', 8, '2026-05-19 16:32:19.175827', 1, 15, 'Number', 6.833333333333333, 3.6930866343600566, 14, 1.5),
        ('09e24588-6651-5d6c-9c95-64b234b4281e', 'ee7e945f-ccc3-59c7-91a5-04b4f91b8336', 'completion_secs', 1652, '2026-05-19 16:32:19.748721', 15.09, 599.45, 'Number', 305.93792486583163, 172.23566745923247, 584.36, 1.015133171912833),
        ('33d24d46-255d-53dc-b204-3362b69a871f', 'ee7e945f-ccc3-59c7-91a5-04b4f91b8336', 'user_study_id', 12, '2026-05-19 16:32:19.779323', 1, 12, 'Number', 6.630888491353607, 3.594745384659318, 11, 139.75),
        ('dd4f66ee-2208-5cf5-b5e6-adfe77e9caa9', 'ee7e945f-ccc3-59c7-91a5-04b4f91b8336', 'respondent_id', 368, '2026-05-19 16:32:19.788417', 1, 799, 'Number', 406.9624329159213, 231.1504434549197, 798, 4.557065217391305),
        ('e9280f02-1a07-5de3-887b-517c77f8f199', 'ee7e945f-ccc3-59c7-91a5-04b4f91b8336', 'task_label', 9, '2026-05-19 16:32:19.803056', 163, 198, 'String', 186.33333333333334, 10.811516493484572, 35, 1.2857142857142858),
        ('666cdae5-5c46-5cba-b6b2-17b860aaceb3', 'ee7e945f-ccc3-59c7-91a5-04b4f91b8336', 'error_count', 9, '2026-05-19 16:32:19.811468', 0, 8, 'Number', 3.990459153249851, 2.5587721771453307, 8, 186.33333333333334),
        ('aa3853db-5d2f-52be-9654-5441998363e2', 'ee7e945f-ccc3-59c7-91a5-04b4f91b8336', 'id', 1677, '2026-05-19 16:32:19.887294', 1, 1677, 'Number', 839, 484.1081146465804, 1676, 1),
        ('f117df01-58f6-573a-8496-24836e095d91', '3148a54b-32d3-5745-a8a1-1f0f43579fcd', 'metric_name', 2, '2026-05-19 16:32:22.694845', 14862, 14862, 'String', 14862, 0, 0, 2),
        ('a6ff08b4-94fe-5ea1-8ede-316f45d9c9df', '3148a54b-32d3-5745-a8a1-1f0f43579fcd', 'split', 3, '2026-05-19 16:32:22.717988', 9908, 9908, 'String', 9908, 0, 0, 3),
        ('4eed6ae9-68e6-5b48-9b36-f9b2e55ec638', '3148a54b-32d3-5745-a8a1-1f0f43579fcd', 'value', 21232, '2026-05-19 16:32:22.735909', 0, 4.414575, 'Number', 0.7203293976921022, 0.7342339357381253, 4.414575, 1.3999623210248682),
        ('cfb80c63-f469-5a73-86ba-fe52266a6732', '3148a54b-32d3-5745-a8a1-1f0f43579fcd', 'std_dev', 22271, '2026-05-19 16:32:22.902973', 0.001001, 0.049996, 'Number', 0.02548965475709856, 0.014155247236666354, 0.048995, 1.3346504422791972),
        ('efee7c97-92bc-5d86-99f4-2bac884e3859', '3148a54b-32d3-5745-a8a1-1f0f43579fcd', 'k_folds', 3, '2026-05-19 16:32:23.025794', 5, 10, 'Null', 7.489283372837763, 2.4999770306752898, 5, 9908),
        ('29a59b9a-8fe3-53ea-825a-787730cfc404', '3148a54b-32d3-5745-a8a1-1f0f43579fcd', 'run_id', 4954, '2026-05-19 16:32:23.049058', 1, 5619, 'Number', 2807.4838514331855, 1626.9888450444591, 5618, 6),
        ('ae37d2fb-1213-5b4b-8a3a-8ff20c9568cc', 'a02da6e3-a580-5187-b0a7-01dede0f818a', 'repo_url', 25, '2026-05-19 16:32:23.566975', 1, 1, 'String', 1, 0, 0, 25),
        ('509dce03-2d66-547a-af4f-9bef59e7c42d', 'a02da6e3-a580-5187-b0a7-01dede0f818a', 'version', 24, '2026-05-19 16:32:23.572973', 1, 2, 'String', 1.0416666666666667, 0.19982631347136334, 1, 12),
        ('e7f455f4-afae-51dd-a325-8b6f07f77603', 'a02da6e3-a580-5187-b0a7-01dede0f818a', 'id', 25, '2026-05-19 16:32:23.579660', 1, 25, 'Number', 13, 7.211102550927978, 24, 1),
        ('ec38015d-b831-5565-ab40-e5ebc80255c9', 'a02da6e3-a580-5187-b0a7-01dede0f818a', 'name', 25, '2026-05-19 16:32:23.583945', 1, 1, 'String', 1, 0, 0, 25),
        ('7d4a20b0-9b0a-59a7-acce-16539b46be4f', 'a02da6e3-a580-5187-b0a7-01dede0f818a', 'family', 7, '2026-05-19 16:32:23.587493', 2, 5, 'String', 3.5714285714285716, 1.178030178747903, 3, 1.75),
        ('09466557-0713-59ed-92fe-80da93f1a452', 'a02da6e3-a580-5187-b0a7-01dede0f818a', 'task_type', 5, '2026-05-19 16:32:23.592397', 1, 5, 'Number', 1.76, 1.1412274094149686, 4, 5),
        ('1b503e43-7ddc-5c38-8727-e192ddb793d3', 'a02da6e3-a580-5187-b0a7-01dede0f818a', 'paper_doi', 25, '2026-05-19 16:32:23.597558', 1, 1, 'String', 1, 0, 0, 25),
        ('b373a403-efd4-5201-8b9a-bc99451a7807', 'a1046b3e-e354-5b2f-ae14-564792799f06', 'algorithm_id', 22, '2026-05-19 16:32:25.144166', 3, 25, 'Number', 19.1352553835202, 3.129841497024874, 22, 255.4090909090909),
        ('4730dbcd-f7d6-5c7a-9b15-5ba80fee6a40', 'ee7e945f-ccc3-59c7-91a5-04b4f91b8336', 'satisfaction', 1537, '2026-05-19 16:32:19.853520', 0, 0.9997, 'Number', 0.5003945140131189, 0.2883645338707096, 0.9997, 1.0910865322055954),
        ('2ce02cf4-46c2-5012-9ac5-5a497de735a0', 'ee7e945f-ccc3-59c7-91a5-04b4f91b8336', 'noted_at', 418, '2026-05-19 16:32:19.880734', 1, 16, 'String', 4.011961722488039, 2.859107914283833, 15, 27.866666666666667),
        ('38309a10-c63b-5055-adeb-e49843511a28', 'a1046b3e-e354-5b2f-ae14-564792799f06', 'run_at', 1238, '2026-05-19 16:32:25.148269', 1, 12, 'String', 4.538772213247173, 2.0087930561958056, 11, 103.16666666666667);