response_id,study_id,respondent_id,instrument_id,collected_at,channel,completion_secs,is_complete
1,1,543,9,2022-07-22 00:00:00,Online,1715,True
2,1,94,3,2022-07-10 00:00:00,Online,1296,True
3,1,608,14,2023-04-18 00:00:00,In-person,821,True
4,1,165,2,2022-12-24 00:00:00,Phone,228,True
5,1,438,2,2022-04-19 00:00:00,In-person,816,True
6,1,251,7,2022-05-13 00:00:00,Online,680,True
7,1,339,5,2022-07-15 00:00:00,Online,607,True
8,1,282,8,2023-07-04 00:00:00,Online,1498,True
9,1,43,2,2023-04-22 00:00:00,In-person,766,True
10,1,357,7,2022-10-16 00:00:00,Online,171,True
11,1,82,5,2023-01-11 00:00:00,Phone,1328,True
12,1,71,12,2023-04-01 00:00:00,Online,1050,True
13,1,333,8,2022-07-19 00:00:00,Online,704,True
14,1,49,11,2023-01-24 00:00:00,In-person,731,True
15,1,759,15,2022-08-20 00:00:00,Phone,1635,True
16,1,459,4,2022-03-24 00:00:00,Online,1023,True
17,1,118,12,2023-03-03 00:00:00,Phone,1383,True
18,1,649,1,2022-04-19 00:00:00,Online,871,True
19,1,183,4,2023-05-17 00:00:00,Phone,1108,True
20,1,422,14,2022-11-28 00:00:00,Phone,1377,True
21,1,739,13,2022-04-30 00:00:00,Phone,582,False
22,1,492,1,2022-11-08 00:00:00,In-person,1280,True
23,1,784,7,2023-06-13 00:00:00,Phone,640,True
24,1,730,3,2022-12-08 00:00:00,Online,604,False
25,1,454,2,2022-04-26 00:00:00,In-person,751,True
26,1,325,15,2022-04-20 00:00:00,Online,597,True
27,1,671,2,2023-01-06 00:00:00,Phone,135,True
28,1,575,10,2022-10-03 00:00:00,Online,991,True
29,1,796,5,2022-08-27 00:00:00,In-person,442,True
30,1,384,14,2023-03-04 00:00:00,Online,1506,True
31,1,92,4,2023-01-23 00:00:00,Online,313,True
32,1,588,3,2022-04-10 00:00:00,Phone,1751,True
33,1,267,2,2022-12-23 00:00:00,In-person,131,True
34,1,407,1,2022-09-30 00:00:00,Online,1746,True
35,1,2,5,2023-04-27 00:00:00,Online,783,False
36,1,690,1,2022-11-10 00:00:00,In-person,1684,True
37,1,346,1,2023-05-27 00:00:00,Online,1078,True
38,1,757,10,2023-06-22 00:00:00,Phone,1520,True
39,1,203,3,2022-10-11 00:00:00,Phone,1086,False
40,1,800,1,2022-12-23 00:00:00,In-person,499,True
41,1,300,15,2022-10-28 00:00:00,Phone,1019,True
42,1,786,3,2022-03-26 00:00:00,Phone,819,True
43,1,366,2,2023-01-19 00:00:00,Online,1696,True
44,1,797,11,2022-05-06 00:00:00,In-person,624,True
45,1,756,5,2023-07-01 00:00:00,Online,881,True
46,1,703,15,2022-12-12 00:00:00,Online,1371,True
47,1,62,2,2023-01-02 00:00:00,In-person,716,True
48,1,579,10,2022-12-11 00:00:00,Phone,220,True
49,1,460,13,2022-05-12 00:00:00,Phone,1567,True
50,1,601,7,2022-08-20 00:00:00,Phone,1286,True
51,1,314,6,2023-01-01 00:00:00,Phone,1597,True
52,1,621,2,2022-11-12 00:00:00,In-person,1497,True
53,1,235,11,2023-03-02 00:00:00,Online,1272,True
54,1,241,14,2022-10-13 00:00:00,Phone,1525,True
55,1,158,5,2023-02-20 00:00:00,In-person,1404,True
56,1,263,15,2023-06-18 00:00:00,In-person,676,True
57,1,616,12,2022-03-27 00:00:00,Phone,558,True
58,2,798,4,2019-08-15 00:00:00,In-person,726,True
59,2,751,14,2019-08-20 00:00:00,Phone,124,True
60,2,142,12,2019-07-12 00:00:00,In-person,1496,True
61,2,513,10,2019-07-14 00:00:00,In-person,1059,True
62,2,474,6,2019-08-05 00:00:00,In-person,394,True
63,2,219,5,2019-08-18 00:00:00,Phone,1005,True
64,2,361,13,2019-07-23 00:00:00,Phone,147,False
65,2,10,10,2019-08-18 00:00:00,In-person,350,True
66,2,489,9,2019-07-31 00:00:00,Online,1547,True
67,2,515,2,2019-07-25 00:00:00,In-person,682,True
68,2,694,9,2019-08-14 00:00:00,Online,1763,False
69,2,122,14,2019-08-16 00:00:00,In-person,669,True
70,2,81,15,2019-07-10 00:00:00,In-person,1180,True
71,2,412,7,2019-06-29 00:00:00,Online,1264,True
72,2,528,6,2019-07-23 00:00:00,Online,576,True
73,2,749,3,2019-08-14 00:00:00,Online,520,True
74,2,168,9,2019-07-16 00:00:00,In-person,184,True
75,2,348,3,2019-07-06 00:00:00,In-person,451,True
76,2,357,10,2019-08-16 00:00:00,Online,629,False
77,2,11,7,2019-08-11 00:00:00,In-person,715,True
78,2,541,8,2019-07-29 00:00:00,In-person,959,True
79,2,450,14,2019-07-20 00:00:00,Online,580,False
80,2,102,2,2019-07-31 00:00:00,Online,1117,True
81,2,261,12,2019-08-14 00:00:00,Online,501,True
82,2,195,2,2019-08-01 00:00:00,Online,872,True
83,2,560,13,2019-07-29 00:00:00,Phone,458,True
84,2,328,13,2019-07-26 00:00:00,Phone,1043,True
85,2,279,12,2019-08-16 00:00:00,In-person,1396,True
86,2,479,6,2019-07-17 00:00:00,Online,1449,True
87,2,382,8,2019-06-26 00:00:00,Phone,547,True
88,2,415,12,2019-06-27 00:00:00,In-person,1452,True
89,2,96,11,2019-07-29 00:00:00,Online,151,True
90,2,56,7,2019-07-03 00:00:00,Online,861,True
91,2,70,2,2019-08-23 00:00:00,In-person,837,True
92,2,761,1,2019-07-25 00:00:00,Phone,1007,True
93,2,565,11,2019-07-23 00:00:00,Online,357,False
94,2,199,14,2019-08-01 00:00:00,Phone,1199,True
95,2,414,13,2019-07-08 00:00:00,In-person,1664,True
96,2,527,5,2019-07-31 00:00:00,Online,546,False
97,2,593,15,2019-08-17 00:00:00,Phone,1556,False
98,2,64,7,2019-06-28 00:00:00,Phone,936,True
99,3,342,14,2022-09-13 00:00:00,In-person,1491,False
100,3,704,9,2022-07-01 00:00:00,In-person,216,True
101,3,95,3,2022-07-31 00:00:00,In-person,1002,True
102,3,597,7,2022-04-29 00:00:00,In-person,629,False
103,3,456,13,2021-10-07 00:00:00,Online,1259,False
104,3,536,14,2022-01-03 00:00:00,In-person,521,True
105,3,551,15,2021-12-01 00:00:00,Online,1736,True
106,3,718,4,2022-03-04 00:00:00,Online,872,True
107,3,708,3,2022-01-15 00:00:00,Phone,322,True
108,3,585,1,2022-03-13 00:00:00,Phone,674,True
109,3,546,4,2022-08-06 00:00:00,In-person,302,True
110,3,725,6,2021-12-05 00:00:00,Online,1715,True
111,3,609,14,2022-04-19 00:00:00,In-person,1149,True
112,3,549,10,2022-05-03 00:00:00,Online,1118,True
113,3,267,4,2021-12-17 00:00:00,Online,290,False
114,3,408,11,2021-10-17 00:00:00,Phone,833,False
115,3,519,12,2022-08-05 00:00:00,Online,644,True
116,3,560,5,2022-08-12 00:00:00,Phone,567,False
117,3,779,12,2022-01-07 00:00:00,In-person,1534,True
118,3,227,14,2022-04-02 00:00:00,Phone,1224,True
119,3,776,6,2022-01-28 00:00:00,In-person,1727,False
120,3,652,2,2022-04-14 00:00:00,Online,1736,True
121,3,535,10,2021-11-10 00:00:00,Phone,353,False
122,3,615,10,2022-07-10 00:00:00,Phone,420,True
123,3,777,11,2022-05-06 00:00:00,Online,1473,True
124,3,48,3,2022-04-28 00:00:00,Phone,651,False
125,3,258,8,2022-02-25 00:00:00,Phone,438,True
126,3,291,6,2022-03-22 00:00:00,Phone,441,True
127,3,642,10,2021-11-29 00:00:00,Online,435,True
128,3,37,13,2021-11-03 00:00:00,Phone,791,True
129,3,98,3,2021-12-24 00:00:00,Phone,1706,True
130,3,167,10,2021-12-29 00:00:00,In-person,300,False
131,3,681,14,2022-05-18 00:00:00,Phone,1330,True
132,3,365,5,2021-11-29 00:00:00,Online,740,True
133,3,738,6,2021-11-18 00:00:00,In-person,1337,True
134,3,350,14,2022-04-03 00:00:00,Online,880,True
135,3,292,9,2022-06-21 00:00:00,Online,1225,True
136,3,743,12,2022-03-28 00:00:00,Phone,1440,False
137,3,31,3,2022-02-26 00:00:00,Phone,1125,True
138,3,325,9,2022-07-24 00:00:00,Phone,308,True
139,3,185,7,2022-09-06 00:00:00,Phone,455,False
140,4,60,5,2023-05-23 00:00:00,Phone,717,True
141,4,684,3,2023-08-17 00:00:00,Phone,1461,False
142,4,225,1,2023-05-25 00:00:00,Online,864,True
143,4,295,6,2023-03-30 00:00:00,Phone,1510,True
144,4,313,14,2023-07-01 00:00:00,In-person,1728,True
145,4,606,9,2023-07-09 00:00:00,Phone,709,True
146,4,333,7,2023-06-17 00:00:00,Online,148,True
147,4,455,5,2023-06-21 00:00:00,In-person,418,True
148,4,360,3,2023-04-20 00:00:00,Phone,485,True
149,4,680,13,2023-09-05 00:00:00,In-person,263,True
150,4,744,3,2023-07-09 00:00:00,Phone,266,True
151,4,278,4,2023-07-29 00:00:00,Online,241,True
152,4,550,1,2023-08-31 00:00:00,Online,1047,True
153,4,176,1,2023-06-19 00:00:00,In-person,885,True
154,4,224,10,2023-08-08 00:00:00,Phone,1360,True
155,4,211,1,2023-03-31 00:00:00,Online,1760,True
156,4,767,15,2023-07-12 00:00:00,Online,1047,True
157,4,133,6,2023-08-15 00:00:00,Phone,229,True
158,4,267,13,2023-07-08 00:00:00,In-person,405,True
159,4,320,7,2023-08-22 00:00:00,In-person,1583,True
160,4,394,12,2023-05-16 00:00:00,Online,633,True
161,4,367,7,2023-04-02 00:00:00,Online,1434,True
162,4,271,8,2023-07-29 00:00:00,In-person,1785,True
163,4,593,15,2023-07-23 00:00:00,Online,187,True
164,4,800,1,2023-08-13 00:00:00,Phone,746,True
165,4,623,10,2023-09-12 00:00:00,Online,801,True
166,4,427,10,2023-06-16 00:00:00,Online,906,False
167,4,91,11,2023-06-20 00:00:00,Online,602,True
168,4,560,9,2023-08-17 00:00:00,In-person,547,True
169,4,337,11,2023-05-11 00:00:00,Phone,460,True
170,4,756,11,2023-08-04 00:00:00,Phone,138,True
171,4,145,6,2023-06-12 00:00:00,In-person,194,True
172,4,426,14,2023-05-20 00:00:00,Phone,884,True
173,4,449,14,2023-03-21 00:00:00,In-person,667,False
174,4,319,8,2023-04-12 00:00:00,Online,817,True
175,4,781,3,2023-08-04 00:00:00,In-person,1058,True
176,4,401,7,2023-07-24 00:00:00,In-person,277,True
177,4,207,9,2023-06-18 00:00:00,Phone,1760,True
178,4,511,12,2023-04-06 00:00:00,Online,1679,True
179,4,519,2,2023-07-30 00:00:00,Phone,556,True
180,4,537,3,2023-08-02 00:00:00,In-person,468,True
181,4,686,14,2023-07-08 00:00:00,Online,460,False
182,4,563,2,2023-08-15 00:00:00,Phone,196,True
183,4,357,11,2023-03-22 00:00:00,In-person,649,True
184,4,526,9,2023-07-01 00:00:00,Phone,579,True
185,4,668,6,2023-07-02 00:00:00,Phone,375,True
186,4,96,6,2023-03-31 00:00:00,In-person,583,True
187,4,213,11,2023-03-25 00:00:00,Online,836,True
188,4,82,10,2023-07-21 00:00:00,In-person,337,True
189,4,513,11,2023-08-22 00:00:00,Phone,1788,True
190,4,794,2,2023-09-09 00:00:00,Online,1283,True
191,4,778,13,2023-08-12 00:00:00,In-person,952,True
192,4,728,1,2023-07-20 00:00:00,Phone,1393,False
193,4,486,3,2023-06-10 00:00:00,In-person,506,True
194,4,740,1,2023-09-03 00:00:00,Phone,1778,True
195,4,439,11,2023-09-21 00:00:00,Online,988,False
196,4,583,7,2023-08-01 00:00:00,In-person,574,True
197,4,549,5,2023-07-21 00:00:00,Online,1575,True
198,5,72,14,2022-03-02 00:00:00,Online,594,True
199,5,381,2,2022-02-13 00:00:00,Online,1413,True
200,5,202,1,2022-01-03 00:00:00,Phone,183,True
201,5,86,15,2022-07-01 00:00:00,In-person,584,True
202,5,375,3,2021-09-06 00:00:00,Phone,1145,False
203,5,372,12,2021-10-04 00:00:00,Phone,416,True
204,5,114,4,2022-06-12 00:00:00,Phone,1526,True
205,5,124,6,2022-02-13 00:00:00,In-person,1254,True
206,5,752,1,2021-09-30 00:00:00,Phone,863,True
207,5,271,11,2021-08-17 00:00:00,Online,1171,True
208,5,29,1,2022-08-06 00:00:00,In-person,193,True
209,5,73,14,2022-03-22 00:00:00,Phone,1150,True
210,5,663,5,2022-02-03 00:00:00,Phone,1119,True
211,5,429,8,2021-10-01 00:00:00,In-person,1286,True
212,5,795,6,2022-05-27 00:00:00,Phone,1036,True
213,5,451,12,2022-02-04 00:00:00,Phone,1799,True
214,5,273,11,2022-03-08 00:00:00,In-person,1304,True
215,5,523,5,2021-09-16 00:00:00,Online,197,True
216,5,518,2,2021-08-29 00:00:00,Phone,1109,True
217,5,420,7,2022-03-12 00:00:00,Online,1732,True
218,5,625,10,2022-04-30 00:00:00,In-person,852,True
219,5,642,9,2021-08-26 00:00:00,In-person,1345,True
220,5,384,2,2022-02-06 00:00:00,Phone,1729,True
221,5,239,4,2022-02-01 00:00:00,In-person,611,True
222,5,318,13,2022-05-05 00:00:00,Phone,1301,False
223,5,457,3,2022-05-27 00:00:00,Online,1116,True
224,5,417,8,2022-03-29 00:00:00,Online,789,True
225,5,714,6,2022-01-23 00:00:00,Phone,1222,True
226,5,660,13,2021-08-30 00:00:00,Online,907,True
227,5,771,1,2021-10-08 00:00:00,Phone,1101,True
228,5,84,3,2021-11-19 00:00:00,In-person,1471,True
229,5,684,14,2021-08-30 00:00:00,In-person,1759,False
230,5,324,4,2022-07-30 00:00:00,Online,1750,True
231,5,619,6,2021-09-07 00:00:00,Online,1698,True
232,5,423,5,2021-11-04 00:00:00,Phone,540,False
233,5,221,8,2021-12-13 00:00:00,Phone,1781,True
234,5,710,7,2021-12-17 00:00:00,Online,1757,True
235,5,590,15,2022-07-22 00:00:00,In-person,1334,True
236,5,482,11,2021-10-12 00:00:00,Phone,1254,True
237,5,636,10,2021-10-17 00:00:00,Online,809,True
238,5,691,10,2022-06-24 00:00:00,Phone,757,False
239,5,563,4,2022-05-05 00:00:00,In-person,1658,True
240,5,500,1,2022-01-20 00:00:00,Phone,957,True
241,5,308,4,2022-07-02 00:00:00,In-person,155,True
242,5,301,1,2022-03-10 00:00:00,Online,1747,True
243,5,268,9,2022-02-25 00:00:00,Phone,828,True
244,5,161,1,2021-09-20 00:00:00,Phone,932,True
245,5,584,11,2022-08-14 00:00:00,Phone,864,True
246,5,649,8,2022-03-20 00:00:00,Phone,879,False
247,5,284,14,2021-09-08 00:00:00,Online,1264,True
248,5,198,3,2022-06-16 00:00:00,Phone,1593,True
249,5,299,5,2022-06-03 00:00:00,Phone,840,True
250,5,405,4,2021-12-03 00:00:00,Online,1701,True
251,5,350,8,2022-06-15 00:00:00,Phone,936,True
252,6,243,4,2021-07-15 00:00:00,Online,779,False
253,6,210,15,2021-07-28 00:00:00,In-person,265,True
254,6,67,1,2021-09-30 00:00:00,In-person,1443,True
255,6,91,14,2021-07-12 00:00:00,In-person,792,True
256,6,482,5,2021-10-09 00:00:00,Online,1017,True
257,6,86,1,2021-08-17 00:00:00,In-person,742,True
258,6,490,4,2021-09-25 00:00:00,In-person,235,True
259,6,394,1,2021-09-07 00:00:00,In-person,1082,True
260,6,157,2,2021-06-19 00:00:00,In-person,1471,True
261,6,101,12,2021-09-25 00:00:00,Phone,213,True
262,6,82,6,2021-09-01 00:00:00,In-person,1287,True
263,6,408,2,2021-10-16 00:00:00,Online,269,False
264,6,577,4,2021-09-04 00:00:00,In-person,130,True
265,6,114,11,2021-06-21 00:00:00,Online,573,False
266,6,635,10,2021-08-19 00:00:00,Online,1707,True
267,6,377,15,2021-08-12 00:00:00,Online,1510,True
268,6,117,8,2021-08-29 00:00:00,In-person,1787,True
269,6,355,1,2021-06-30 00:00:00,Phone,996,True
270,6,777,3,2021-10-21 00:00:00,Phone,628,True
271,6,779,7,2021-08-09 00:00:00,Online,1005,True
272,6,561,11,2021-09-10 00:00:00,In-person,1100,False
273,6,655,8,2021-09-08 00:00:00,In-person,963,True
274,6,131,8,2021-10-28 00:00:00,Phone,875,True
275,6,317,11,2021-08-22 00:00:00,Online,791,True
276,6,480,7,2021-08-16 00:00:00,Online,553,True
277,6,413,10,2021-07-26 00:00:00,Online,1123,True
278,6,707,9,2021-06-24 00:00:00,In-person,300,True
279,6,73,3,2021-08-19 00:00:00,Online,1192,True
280,6,537,12,2021-07-16 00:00:00,Phone,347,True
281,6,684,2,2021-07-31 00:00:00,In-person,1444,True
282,6,732,4,2021-09-03 00:00:00,In-person,1057,True
283,6,596,2,2021-09-09 00:00:00,Phone,1045,True
284,6,164,12,2021-09-25 00:00:00,In-person,191,True
285,6,471,5,2021-09-03 00:00:00,In-person,458,True
286,6,50,3,2021-10-16 00:00:00,In-person,977,True
287,6,764,8,2021-10-10 00:00:00,Online,1073,True
288,6,417,4,2021-06-26 00:00:00,In-person,1468,True
289,6,505,8,2021-07-20 00:00:00,Phone,1382,True
290,6,222,8,2021-06-26 00:00:00,In-person,1294,True
291,6,74,14,2021-09-09 00:00:00,Phone,567,False
292,6,187,3,2021-06-27 00:00:00,In-person,336,True
293,6,33,15,2021-10-02 00:00:00,In-person,1665,False
294,6,744,3,2021-09-16 00:00:00,Online,833,True
295,6,343,14,2021-08-30 00:00:00,In-person,532,True
296,6,325,6,2021-09-26 00:00:00,In-person,455,True
297,6,541,5,2021-06-24 00:00:00,Phone,355,True
298,6,368,9,2021-07-31 00:00:00,Online,820,True
299,6,478,15,2021-08-07 00:00:00,Online,1539,True
300,6,701,10,2021-10-19 00:00:00,In-person,741,True
301,6,226,8,2021-07-03 00:00:00,Phone,655,True
302,6,381,3,2021-07-18 00:00:00,In-person,985,True
303,6,457,14,2021-10-13 00:00:00,Phone,128,True
304,6,423,7,2021-08-11 00:00:00,In-person,419,True
305,6,633,4,2021-08-06 00:00:00,Phone,916,True
306,6,344,7,2021-06-17 00:00:00,Phone,613,True
307,6,625,7,2021-09-14 00:00:00,Online,1030,True
308,6,554,11,2021-08-08 00:00:00,Online,1308,True
309,6,796,12,2021-08-16 00:00:00,Phone,1260,True
310,6,51,5,2021-09-29 00:00:00,Online,979,True
311,6,87,15,2021-09-01 00:00:00,Online,875,True
312,6,17,4,2021-07-19 00:00:00,In-person,869,True
313,6,470,4,2021-08-28 00:00:00,Online,963,True
314,6,240,4,2021-07-18 00:00:00,Online,665,True
315,6,546,2,2021-08-18 00:00:00,Phone,856,True
316,6,162,2,2021-10-07 00:00:00,Phone,1478,True
317,6,211,3,2021-09-14 00:00:00,In-person,278,True
318,6,200,9,2021-06-16 00:00:00,Online,774,True
319,6,340,12,2021-10-28 00:00:00,Phone,833,True
320,6,662,9,2021-07-04 00:00:00,Online,470,True
321,6,378,7,2021-08-10 00:00:00,Online,1064,False
322,6,571,15,2021-08-15 00:00:00,In-person,1237,True
323,6,217,4,2021-06-20 00:00:00,Online,1179,True
324,6,238,3,2021-08-30 00:00:00,Phone,287,True
325,6,21,4,2021-08-06 00:00:00,Phone,735,True
326,6,477,6,2021-08-02 00:00:00,Online,1363,True
327,7,297,12,2021-06-07 00:00:00,Phone,1269,True
328,7,773,1,2021-05-10 00:00:00,Phone,746,True
329,7,279,1,2021-04-24 00:00:00,Online,220,False
330,7,177,8,2021-04-22 00:00:00,Phone,1543,True
331,7,25,4,2021-06-14 00:00:00,Phone,276,True
332,7,509,13,2021-05-24 00:00:00,Online,1781,True
333,7,209,3,2021-05-24 00:00:00,In-person,380,True
334,7,171,9,2021-03-10 00:00:00,Phone,595,True
335,7,766,13,2021-03-27 00:00:00,Online,522,True
336,7,753,6,2021-05-24 00:00:00,Phone,343,True
337,7,126,12,2021-03-16 00:00:00,Online,289,True
338,7,185,4,2021-02-24 00:00:00,Phone,447,False
339,7,47,2,2021-03-03 00:00:00,Online,1775,False
340,7,675,3,2021-05-16 00:00:00,In-person,1426,True
341,7,174,4,2021-06-07 00:00:00,Phone,931,True
342,7,318,6,2021-03-20 00:00:00,In-person,707,True
343,7,652,6,2021-03-06 00:00:00,Phone,535,True
344,7,346,8,2021-03-25 00:00:00,Online,163,True
345,7,370,6,2021-05-20 00:00:00,In-person,1041,True
346,7,497,10,2021-05-26 00:00:00,In-person,878,True
347,7,488,9,2021-05-20 00:00:00,Phone,905,True
348,7,411,5,2021-05-30 00:00:00,In-person,577,True
349,7,122,11,2021-06-04 00:00:00,Online,159,False
350,7,633,8,2021-05-22 00:00:00,Online,1208,True
351,7,378,8,2021-05-10 00:00:00,In-person,1395,True
352,7,230,9,2021-06-09 00:00:00,Online,1450,True
353,7,168,12,2021-04-22 00:00:00,In-person,298,True
354,7,112,8,2021-04-06 00:00:00,In-person,268,False
355,7,41,11,2021-05-12 00:00:00,Online,761,True
356,7,537,13,2021-03-16 00:00:00,In-person,175,False
357,7,266,5,2021-06-15 00:00:00,In-person,1426,True
358,7,225,10,2021-06-14 00:00:00,Phone,1685,True
359,7,402,9,2021-02-26 00:00:00,Phone,816,True
360,7,208,13,2021-06-06 00:00:00,Phone,680,False
361,7,178,14,2021-03-30 00:00:00,Phone,497,True
362,7,78,7,2021-06-14 00:00:00,Online,914,True
363,7,799,6,2021-02-24 00:00:00,Online,1256,False
364,7,19,4,2021-04-16 00:00:00,Online,1694,True
365,7,146,11,2021-05-28 00:00:00,In-person,732,True
366,7,690,5,2021-04-10 00:00:00,Phone,948,True
367,7,142,13,2021-03-24 00:00:00,Online,177,True
368,7,326,7,2021-05-15 00:00:00,Online,1551,True
369,7,493,13,2021-06-09 00:00:00,In-person,1184,False
370,7,708,11,2021-05-07 00:00:00,Phone,481,True
371,7,783,1,2021-04-07 00:00:00,Online,212,True
372,7,487,14,2021-03-20 00:00:00,In-person,159,True
373,7,351,2,2021-04-08 00:00:00,Online,191,True
374,7,158,12,2021-06-02 00:00:00,Phone,1453,True
375,7,676,13,2021-06-19 00:00:00,Online,687,False
376,7,476,15,2021-04-09 00:00:00,Online,1743,True
377,7,87,3,2021-04-20 00:00:00,Phone,1225,True
378,8,236,10,2021-02-01 00:00:00,Online,292,True
379,8,665,2,2021-03-11 00:00:00,Online,243,False
380,8,23,14,2021-01-04 00:00:00,Phone,1254,True
381,8,39,15,2021-03-28 00:00:00,Online,1793,True
382,8,194,13,2021-01-01 00:00:00,Online,1768,True
383,8,789,6,2021-03-08 00:00:00,Phone,422,True
384,8,391,5,2020-12-22 00:00:00,Phone,987,False
385,8,785,2,2021-02-06 00:00:00,Online,1443,True
386,8,329,11,2021-01-05 00:00:00,Phone,810,False
387,8,40,6,2020-11-14 00:00:00,In-person,1511,True
388,8,327,6,2021-03-30 00:00:00,Phone,1100,True
389,8,274,12,2020-12-24 00:00:00,In-person,188,True
390,8,309,12,2020-12-29 00:00:00,In-person,813,True
391,8,511,6,2020-12-03 00:00:00,In-person,805,False
392,8,155,1,2020-12-05 00:00:00,Phone,1789,True
393,8,141,8,2020-11-09 00:00:00,Online,654,True
394,8,258,1,2020-12-10 00:00:00,Phone,1394,True
395,8,333,13,2021-03-14 00:00:00,Phone,420,True
396,8,671,3,2021-03-08 00:00:00,Phone,445,True
397,8,586,9,2021-03-21 00:00:00,Online,842,True
398,8,150,8,2021-01-12 00:00:00,In-person,1568,True
399,8,475,3,2021-02-10 00:00:00,In-person,940,True
400,8,508,13,2021-03-05 00:00:00,In-person,582,True
401,8,65,11,2020-12-17 00:00:00,In-person,1275,True
402,8,719,10,2020-11-18 00:00:00,In-person,1465,True
403,8,594,10,2020-12-12 00:00:00,Online,1539,True
404,8,222,4,2021-03-20 00:00:00,Phone,624,True
405,8,356,14,2021-03-30 00:00:00,Online,992,True
406,8,484,9,2021-03-27 00:00:00,In-person,1380,True
407,8,670,7,2021-02-01 00:00:00,Online,1304,True
408,8,769,8,2020-12-27 00:00:00,Phone,766,True
409,8,164,2,2020-12-11 00:00:00,In-person,510,True
410,8,169,4,2021-02-09 00:00:00,In-person,1439,True
411,8,501,1,2020-11-23 00:00:00,Phone,466,True
412,8,51,12,2020-12-12 00:00:00,In-person,260,True
413,8,638,10,2021-01-10 00:00:00,Phone,1544,True
414,8,242,6,2021-02-18 00:00:00,In-person,701,True
415,8,131,4,2021-03-27 00:00:00,Online,1259,True
416,8,343,9,2021-01-02 00:00:00,Online,368,True
417,8,619,2,2020-12-26 00:00:00,Phone,730,True
418,8,646,4,2021-01-20 00:00:00,In-person,1745,True
419,8,92,5,2021-03-26 00:00:00,Online,1267,True
420,8,315,5,2021-02-18 00:00:00,Online,150,False
421,8,85,2,2021-03-01 00:00:00,Phone,528,True
422,8,589,5,2020-12-25 00:00:00,Phone,1076,True
423,8,742,13,2021-01-13 00:00:00,Online,1621,True
424,8,795,14,2021-02-16 00:00:00,Online,200,True
425,8,579,7,2021-02-23 00:00:00,In-person,1550,True
426,8,430,14,2021-03-04 00:00:00,Phone,128,True
427,8,548,14,2021-02-14 00:00:00,In-person,1243,True
428,8,755,13,2021-03-30 00:00:00,Online,1107,True
429,8,445,15,2020-12-22 00:00:00,Phone,217,True
430,8,476,6,2020-12-13 00:00:00,In-person,1188,True
431,8,526,6,2021-01-14 00:00:00,In-person,1671,True
432,8,2,7,2020-11-23 00:00:00,Online,1342,True
433,8,53,12,2021-01-16 00:00:00,In-person,1213,True
434,8,243,4,2020-12-27 00:00:00,Online,1782,True
435,8,148,14,2021-01-05 00:00:00,Phone,1432,True
436,8,52,11,2021-03-07 00:00:00,Online,751,False
437,8,323,15,2021-01-23 00:00:00,Online,1078,True
438,8,459,1,2021-02-13 00:00:00,Phone,1258,True
439,8,540,11,2021-02-11 00:00:00,In-person,704,True
440,8,414,1,2020-12-08 00:00:00,Online,328,True
441,8,697,4,2021-02-02 00:00:00,In-person,1425,True
442,8,392,15,2021-01-04 00:00:00,Phone,1723,True
443,8,655,7,2020-11-12 00:00:00,Online,723,True
444,8,600,10,2021-04-02 00:00:00,Online,1650,True
445,8,408,9,2020-12-30 00:00:00,In-person,1188,True
446,9,39,4,2023-07-06 00:00:00,Phone,928,True
447,9,571,7,2023-08-15 00:00:00,Phone,914,True
448,9,558,5,2023-07-04 00:00:00,In-person,1778,True
449,9,14,11,2023-03-28 00:00:00,In-person,148,True
450,9,429,1,2023-05-25 00:00:00,In-person,509,True
451,9,230,15,2023-04-26 00:00:00,In-person,350,True
452,9,636,6,2023-09-23 00:00:00,Online,641,False
453,9,756,10,2023-08-25 00:00:00,Online,448,False
454,9,176,12,2023-07-11 00:00:00,In-person,784,True
455,9,687,7,2023-06-11 00:00:00,Phone,1798,True
456,9,690,13,2023-05-30 00:00:00,In-person,659,True
457,9,330,9,2023-09-06 00:00:00,Phone,340,True
458,9,551,5,2023-06-25 00:00:00,Phone,786,True
459,9,224,3,2023-08-23 00:00:00,Phone,682,True
460,9,678,4,2023-06-22 00:00:00,Phone,1686,True
461,9,328,12,2023-05-10 00:00:00,Phone,1720,True
462,9,520,7,2023-05-05 00:00:00,In-person,1345,True
463,9,793,1,2023-06-29 00:00:00,Phone,180,True
464,9,790,4,2023-03-24 00:00:00,Online,997,True
465,9,290,8,2023-05-27 00:00:00,Online,1515,True
466,9,189,14,2023-08-13 00:00:00,Phone,1080,False
467,9,57,10,2023-03-30 00:00:00,Online,943,False
468,9,270,14,2023-09-09 00:00:00,Phone,1525,True
469,9,51,5,2023-06-07 00:00:00,In-person,978,True
470,9,349,11,2023-07-22 00:00:00,Phone,727,True
471,9,498,9,2023-07-27 00:00:00,In-person,1454,True
472,9,76,4,2023-08-23 00:00:00,Phone,545,True
473,9,633,12,2023-07-24 00:00:00,Online,235,True
474,9,85,4,2023-05-22 00:00:00,In-person,411,True
475,9,608,12,2023-05-24 00:00:00,In-person,1218,True
476,9,404,11,2023-03-11 00:00:00,Phone,1331,True
477,9,107,8,2023-07-05 00:00:00,Phone,1766,True
478,9,486,1,2023-08-25 00:00:00,In-person,1688,True
479,9,646,14,2023-10-03 00:00:00,In-person,1449,True
480,9,546,10,2023-03-29 00:00:00,Phone,865,True
481,9,120,8,2023-08-11 00:00:00,In-person,245,False
482,9,165,11,2023-05-25 00:00:00,In-person,1337,True
483,9,288,11,2023-06-03 00:00:00,Online,438,True
484,9,424,11,2023-06-05 00:00:00,In-person,803,True
485,9,586,2,2023-07-17 00:00:00,In-person,451,True
486,9,54,7,2023-09-12 00:00:00,In-person,973,False
487,9,496,6,2023-07-02 00:00:00,Phone,1043,True
488,9,299,15,2023-09-02 00:00:00,In-person,419,True
489,9,744,12,2023-08-30 00:00:00,Online,1136,False
490,9,4,15,2023-06-09 00:00:00,Phone,1204,True
491,9,472,13,2023-08-28 00:00:00,Phone,552,True
492,9,190,3,2023-04-29 00:00:00,Online,1186,True
493,9,247,6,2023-06-28 00:00:00,Phone,1133,True
494,9,645,3,2023-06-02 00:00:00,Online,1318,True
495,9,74,10,2023-05-27 00:00:00,Online,1535,True
496,9,530,13,2023-09-20 00:00:00,Online,427,True
497,9,172,5,2023-07-09 00:00:00,Phone,755,True
498,9,185,10,2023-08-25 00:00:00,Online,548,False
499,9,689,2,2023-04-11 00:00:00,In-person,1764,True
500,9,219,13,2023-06-24 00:00:00,Online,1179,True
501,9,53,2,2023-04-04 00:00:00,In-person,1246,True
502,9,21,5,2023-09-13 00:00:00,Online,375,True
503,9,345,7,2023-05-13 00:00:00,Phone,1328,True
504,9,529,7,2023-04-25 00:00:00,Phone,1127,True
505,9,140,15,2023-03-19 00:00:00,In-person,945,True
506,9,746,1,2023-08-25 00:00:00,Online,723,True
507,10,348,9,2023-02-26 00:00:00,Online,272,True
508,10,566,10,2022-10-12 00:00:00,In-person,153,True
509,10,481,3,2023-01-13 00:00:00,In-person,931,True
510,10,567,4,2023-02-02 00:00:00,In-person,1546,True
511,10,133,15,2023-01-28 00:00:00,Phone,173,True
512,10,515,15,2022-09-20 00:00:00,Online,1574,False
513,10,480,1,2022-12-04 00:00:00,In-person,190,True
514,10,654,3,2023-02-21 00:00:00,In-person,376,True
515,10,517,5,2022-11-29 00:00:00,In-person,1053,True
516,10,627,11,2023-01-25 00:00:00,Online,1668,False
517,10,158,1,2023-01-18 00:00:00,Phone,508,True
518,10,258,3,2023-01-07 00:00:00,Phone,935,True
519,10,536,15,2022-12-08 00:00:00,Online,1455,True
520,10,510,10,2022-11-07 00:00:00,Phone,1092,False
521,10,52,3,2023-01-05 00:00:00,Phone,1683,True
522,10,351,15,2023-02-01 00:00:00,In-person,391,True
523,10,224,7,2022-09-15 00:00:00,Online,1171,True
524,10,431,5,2023-01-14 00:00:00,In-person,325,True
525,10,61,1,2022-11-06 00:00:00,Online,808,True
526,10,780,4,2023-01-30 00:00:00,Online,1021,True
527,10,104,14,2022-11-03 00:00:00,In-person,303,True
528,10,711,14,2022-10-21 00:00:00,Phone,507,True
529,10,197,14,2023-01-08 00:00:00,Phone,904,False
530,10,633,12,2022-10-10 00:00:00,In-person,485,False
531,10,426,3,2023-02-10 00:00:00,Phone,1084,True
532,10,744,3,2022-12-16 00:00:00,Online,1580,True
533,10,12,8,2022-12-17 00:00:00,In-person,1181,True
534,10,736,3,2022-11-20 00:00:00,In-person,1579,True
535,10,72,15,2022-10-11 00:00:00,Phone,693,False
536,10,161,5,2022-10-06 00:00:00,In-person,903,True
537,10,143,3,2022-10-15 00:00:00,Online,278,True
538,10,185,13,2022-11-22 00:00:00,Online,1481,True
539,10,751,5,2023-01-12 00:00:00,In-person,793,True
540,10,449,2,2023-01-12 00:00:00,Online,1507,True
541,10,550,11,2023-01-01 00:00:00,Online,833,True
542,10,62,5,2023-01-26 00:00:00,Online,747,True
543,10,795,15,2022-12-25 00:00:00,Online,1095,False
544,10,411,12,2022-10-27 00:00:00,Phone,973,True
545,10,477,4,2023-01-05 00:00:00,Online,500,True
546,10,295,9,2022-09-25 00:00:00,In-person,874,False
547,10,665,6,2023-02-23 00:00:00,Online,326,True
548,10,212,15,2023-02-04 00:00:00,In-person,1352,True
549,10,227,2,2022-12-15 00:00:00,Phone,376,True
550,10,367,9,2022-10-25 00:00:00,Online,758,True
551,10,203,10,2022-09-22 00:00:00,In-person,1023,True
552,10,398,3,2022-12-29 00:00:00,Phone,1397,True
553,10,359,8,2023-02-25 00:00:00,Phone,698,False
554,10,21,8,2023-02-20 00:00:00,In-person,616,True
555,10,293,12,2023-01-16 00:00:00,In-person,1547,True
556,10,681,13,2022-11-20 00:00:00,In-person,431,True
557,10,252,5,2022-12-01 00:00:00,In-person,1033,True
558,10,591,12,2022-09-15 00:00:00,In-person,985,True
559,10,703,1,2022-12-17 00:00:00,In-person,1231,True
560,10,632,4,2022-10-18 00:00:00,Online,1044,True
561,10,763,5,2022-09-19 00:00:00,Online,359,True
562,10,704,3,2023-01-15 00:00:00,Online,1787,True
563,10,596,8,2023-02-25 00:00:00,Phone,416,True
564,10,575,6,2022-10-06 00:00:00,Phone,784,True
565,10,657,9,2022-11-08 00:00:00,Online,1026,True
566,10,637,3,2022-10-02 00:00:00,In-person,1399,False
567,10,652,10,2022-12-17 00:00:00,Online,224,False
568,10,452,11,2023-02-20 00:00:00,Phone,1068,True
569,10,204,5,2023-01-30 00:00:00,Online,261,False
570,10,228,6,2022-12-01 00:00:00,In-person,1692,True
571,10,708,6,2023-01-18 00:00:00,In-person,773,True
572,10,44,12,2022-12-22 00:00:00,Online,1142,True
573,10,33,2,2022-11-10 00:00:00,Phone,1171,False
574,10,109,8,2022-09-29 00:00:00,Online,1681,False
575,10,284,3,2022-11-16 00:00:00,Phone,1091,False
576,10,59,2,2022-10-12 00:00:00,Phone,1575,True
577,10,69,6,2022-09-26 00:00:00,Online,1713,True
578,10,261,6,2023-02-07 00:00:00,In-person,634,True
579,10,386,11,2022-12-08 00:00:00,Phone,1335,True
580,10,156,3,2023-02-03 00:00:00,Online,359,True
581,10,572,9,2022-11-05 00:00:00,In-person,1708,True
582,10,440,12,2023-02-12 00:00:00,In-person,534,True
583,10,410,4,2023-01-24 00:00:00,Online,704,True
584,10,226,12,2022-11-15 00:00:00,In-person,1479,True
585,11,123,10,2020-06-14 00:00:00,Phone,581,True
586,11,157,9,2020-09-22 00:00:00,Phone,1678,True
587,11,517,10,2020-12-09 00:00:00,Online,1403,True
588,11,26,12,2020-09-11 00:00:00,In-person,569,True
589,11,421,3,2020-09-19 00:00:00,Online,1496,True
590,11,653,13,2020-06-18 00:00:00,Online,1727,True
591,11,431,13,2020-05-26 00:00:00,Online,1607,True
592,11,571,10,2020-12-29 00:00:00,Online,147,False
593,11,303,8,2020-06-25 00:00:00,In-person,1505,True
594,11,541,3,2020-10-28 00:00:00,In-person,754,True
595,11,87,7,2020-06-12 00:00:00,Online,369,True
596,11,170,5,2021-01-01 00:00:00,In-person,455,True
597,11,566,3,2020-10-10 00:00:00,Online,955,True
598,11,228,6,2020-11-08 00:00:00,In-person,700,True
599,11,559,12,2020-06-14 00:00:00,Phone,1114,True
600,11,660,13,2020-06-15 00:00:00,In-person,1346,True
601,11,41,11,2021-01-15 00:00:00,Online,542,True
602,11,617,2,2020-10-17 00:00:00,Phone,136,True
603,11,283,4,2020-11-11 00:00:00,Online,302,True
604,11,109,7,2020-11-06 00:00:00,Online,1727,True
605,11,686,4,2020-11-01 00:00:00,In-person,205,True
606,11,352,6,2020-08-24 00:00:00,Online,1416,True
607,11,484,1,2020-07-09 00:00:00,Online,1316,True
608,11,274,8,2020-09-01 00:00:00,Phone,1321,True
609,11,289,12,2020-09-29 00:00:00,Online,1711,True
610,11,456,13,2020-10-08 00:00:00,In-person,1140,False
611,11,27,7,2020-06-19 00:00:00,In-person,122,True
612,11,24,10,2020-09-03 00:00:00,In-person,1753,True
613,11,386,6,2020-06-23 00:00:00,Phone,1723,True
614,11,448,3,2020-08-12 00:00:00,Phone,446,True
615,11,720,1,2020-06-24 00:00:00,Online,321,True
616,11,379,1,2021-01-16 00:00:00,In-person,888,True
617,11,126,12,2020-09-08 00:00:00,In-person,551,False
618,11,31,10,2020-09-10 00:00:00,In-person,664,False
619,11,63,2,2020-10-23 00:00:00,Phone,1552,False
620,11,273,6,2020-12-16 00:00:00,Online,1658,True
621,11,318,13,2020-10-18 00:00:00,Online,1266,True
622,11,658,2,2020-09-04 00:00:00,Online,421,True
623,11,793,1,2020-08-18 00:00:00,In-person,1508,True
624,11,411,5,2021-01-22 00:00:00,Phone,959,True
625,11,740,2,2020-10-06 00:00:00,Online,1166,True
626,11,591,14,2020-06-24 00:00:00,Online,1227,True
627,11,612,14,2020-09-17 00:00:00,Online,1186,True
628,11,727,10,2020-06-27 00:00:00,Online,1670,True
629,11,251,14,2020-05-30 00:00:00,Phone,1782,True
630,11,619,11,2020-10-01 00:00:00,Online,513,False
631,11,723,5,2020-11-15 00:00:00,Phone,870,False
632,11,618,4,2020-07-08 00:00:00,Phone,643,True
633,11,145,3,2020-07-02 00:00:00,Phone,1605,True
634,11,788,11,2020-11-23 00:00:00,In-person,188,True
635,11,594,9,2020-07-11 00:00:00,In-person,719,True
636,11,711,8,2020-06-02 00:00:00,Online,804,True
637,11,97,12,2020-09-13 00:00:00,Online,520,True
638,11,549,3,2020-10-20 00:00:00,Phone,1059,True
639,11,555,1,2020-07-11 00:00:00,In-person,1579,True
640,11,180,12,2020-05-29 00:00:00,Phone,1003,True
641,11,374,9,2020-06-05 00:00:00,Phone,1398,False
642,11,211,5,2020-08-18 00:00:00,Phone,1175,True
643,11,218,13,2020-12-28 00:00:00,Phone,282,True
644,11,369,8,2021-01-10 00:00:00,In-person,1500,True
645,11,424,10,2020-05-31 00:00:00,Online,788,True
646,11,371,14,2020-09-30 00:00:00,Online,388,True
647,11,544,6,2020-11-23 00:00:00,Phone,325,True
648,11,184,4,2020-10-18 00:00:00,Phone,1583,True
649,11,311,7,2020-05-29 00:00:00,Phone,1538,False
650,11,206,5,2021-01-08 00:00:00,Phone,1602,True
651,11,275,12,2020-07-01 00:00:00,In-person,163,True
652,11,498,14,2020-09-17 00:00:00,Online,526,True
653,12,265,11,2020-03-08 00:00:00,Online,943,True
654,12,260,5,2019-09-25 00:00:00,Online,910,True
655,12,356,10,2019-11-19 00:00:00,Online,442,True
656,12,517,9,2019-10-29 00:00:00,Online,1644,False
657,12,783,8,2019-08-30 00:00:00,Online,259,True
658,12,476,5,2019-08-13 00:00:00,In-person,984,True
659,12,464,11,2020-03-09 00:00:00,Phone,220,True
660,12,162,15,2019-08-10 00:00:00,In-person,669,True
661,12,201,12,2019-11-18 00:00:00,In-person,1527,True
662,12,677,14,2020-06-01 00:00:00,Online,1256,True
663,12,685,4,2019-11-12 00:00:00,Online,781,True
664,12,165,1,2019-12-23 00:00:00,Phone,776,True
665,12,167,11,2020-06-23 00:00:00,In-person,224,True
666,12,662,10,2019-10-15 00:00:00,Online,1771,True
667,12,76,15,2019-12-25 00:00:00,Online,1088,True
668,12,519,5,2020-03-20 00:00:00,In-person,419,True
669,12,45,12,2020-01-01 00:00:00,In-person,948,True
670,12,138,7,2020-05-28 00:00:00,Phone,1783,False
671,12,177,5,2019-12-04 00:00:00,Online,963,True
672,12,176,3,2019-10-20 00:00:00,Phone,1473,True
673,12,397,12,2020-02-06 00:00:00,Online,388,True
674,12,198,3,2019-11-06 00:00:00,Online,1078,True
675,12,196,10,2020-03-27 00:00:00,Phone,428,True
676,12,90,10,2020-02-05 00:00:00,Online,830,True
677,12,412,1,2020-06-21 00:00:00,In-person,1481,True
678,12,15,13,2019-12-06 00:00:00,In-person,284,True
679,12,444,5,2020-04-24 00:00:00,Phone,513,True
680,12,781,8,2020-04-18 00:00:00,In-person,248,True
681,12,362,13,2020-07-01 00:00:00,Phone,328,True
682,12,567,12,2020-04-05 00:00:00,Phone,1426,True
683,12,799,9,2019-10-27 00:00:00,Phone,1635,True
684,12,7,6,2019-11-27 00:00:00,Phone,729,True
685,12,254,4,2020-04-16 00:00:00,Phone,821,True
686,12,512,2,2020-01-26 00:00:00,Phone,1342,True
687,12,322,7,2019-10-18 00:00:00,Phone,1257,True
688,12,367,8,2020-06-23 00:00:00,In-person,1775,True
689,12,492,10,2020-04-06 00:00:00,Online,400,True
690,12,614,9,2020-08-10 00:00:00,In-person,514,True
691,12,309,1,2020-05-22 00:00:00,Phone,1198,True
692,12,205,9,2020-03-08 00:00:00,Online,1326,False
693,12,270,8,2020-04-06 00:00:00,Online,710,True
694,12,14,8,2020-05-10 00:00:00,Phone,1116,True
695,12,633,7,2020-05-13 00:00:00,In-person,547,False
696,12,763,13,2020-01-24 00:00:00,In-person,373,False
697,12,54,14,2020-07-29 00:00:00,Online,158,True
698,12,129,6,2020-01-27 00:00:00,In-person,1212,True
699,12,540,14,2019-10-04 00:00:00,Online,490,True
700,12,269,13,2020-01-03 00:00:00,In-person,586,True
701,12,67,8,2020-08-13 00:00:00,Phone,1099,True
702,12,485,6,2020-08-11 00:00:00,Phone,882,True
703,12,595,14,2019-12-19 00:00:00,In-person,630,True
704,12,488,5,2019-12-19 00:00:00,Phone,1503,True
705,12,166,9,2020-04-22 00:00:00,Phone,1565,True
706,12,310,1,2020-02-17 00:00:00,Online,909,True
707,12,353,15,2019-12-11 00:00:00,Phone,859,True
708,12,521,10,2020-04-02 00:00:00,In-person,1268,False
709,12,152,8,2019-12-14 00:00:00,In-person,247,True
710,13,505,1,2021-03-04 00:00:00,Phone,873,True
711,13,434,6,2021-03-09 00:00:00,Phone,1091,True
712,13,55,13,2021-08-27 00:00:00,In-person,306,True
713,13,306,3,2021-08-03 00:00:00,In-person,1143,True
714,13,303,4,2020-12-18 00:00:00,Phone,663,True
715,13,588,15,2021-05-19 00:00:00,Phone,720,True
716,13,390,8,2021-09-03 00:00:00,Online,1141,True
717,13,67,5,2021-08-27 00:00:00,In-person,248,True
718,13,39,15,2020-12-17 00:00:00,Online,1123,True
719,13,725,13,2021-03-31 00:00:00,Phone,1128,True
720,13,146,2,2021-01-02 00:00:00,Online,1715,True
721,13,26,14,2021-07-22 00:00:00,Online,703,True
722,13,678,5,2021-08-05 00:00:00,Phone,889,True
723,13,446,13,2021-10-21 00:00:00,Phone,1540,True
724,13,591,9,2021-06-05 00:00:00,In-person,1746,False
725,13,398,4,2021-04-26 00:00:00,Phone,1121,True
726,13,243,12,2020-12-12 00:00:00,In-person,1056,True
727,13,254,3,2021-07-03 00:00:00,Online,1112,True
728,13,567,8,2021-02-18 00:00:00,Online,1405,True
729,13,379,1,2020-12-13 00:00:00,Online,1277,True
730,13,63,14,2021-08-03 00:00:00,In-person,233,True
731,13,692,8,2021-05-23 00:00:00,Phone,891,True
732,13,484,4,2021-07-10 00:00:00,In-person,485,True
733,13,368,1,2021-09-07 00:00:00,In-person,276,True
734,13,413,15,2021-08-03 00:00:00,Online,686,True
735,13,179,14,2021-03-22 00:00:00,Phone,317,True
736,13,723,7,2021-04-29 00:00:00,In-person,342,False
737,13,572,15,2020-12-06 00:00:00,In-person,927,False
738,13,765,15,2021-05-23 00:00:00,Online,1635,True
739,13,90,9,2021-06-03 00:00:00,Online,793,True
740,13,72,2,2021-07-13 00:00:00,Online,515,False
741,13,357,3,2021-07-25 00:00:00,In-person,906,True
742,13,376,14,2021-05-02 00:00:00,In-person,774,True
743,13,35,15,2021-09-18 00:00:00,In-person,1795,True
744,13,547,14,2021-02-13 00:00:00,In-person,1686,True
745,13,773,13,2021-03-19 00:00:00,In-person,661,True
746,13,250,8,2020-12-09 00:00:00,Online,1082,True
747,13,351,7,2021-02-07 00:00:00,Online,297,False
748,13,48,11,2021-09-01 00:00:00,Phone,661,True
749,13,590,2,2021-06-28 00:00:00,In-person,905,True
750,13,346,10,2021-03-02 00:00:00,Phone,1542,True
751,13,383,6,2021-05-31 00:00:00,Phone,1046,True
752,13,774,1,2021-01-03 00:00:00,Online,534,True
753,13,249,7,2021-08-07 00:00:00,Phone,475,True
754,13,449,4,2021-06-24 00:00:00,Phone,1736,True
755,13,32,9,2021-09-10 00:00:00,Phone,591,True
756,13,720,1,2021-09-15 00:00:00,Online,581,True
757,13,81,12,2021-05-29 00:00:00,Online,1119,True
758,13,75,15,2021-09-26 00:00:00,Phone,1737,True
759,13,556,7,2021-05-28 00:00:00,In-person,978,True
760,13,454,15,2021-10-19 00:00:00,Phone,1670,True
761,13,381,11,2021-04-01 00:00:00,In-person,532,True
762,13,409,7,2021-05-30 00:00:00,Phone,411,True
763,13,618,11,2021-02-10 00:00:00,Online,954,True
764,13,395,2,2021-04-26 00:00:00,Phone,827,True
765,13,716,2,2021-01-23 00:00:00,In-person,1733,True
766,13,771,9,2021-03-30 00:00:00,Phone,783,True
767,13,659,6,2021-10-18 00:00:00,Phone,1530,True
768,13,404,8,2021-01-10 00:00:00,Phone,1521,True
769,13,122,11,2021-01-12 00:00:00,In-person,1669,True
770,13,553,2,2021-01-28 00:00:00,Online,597,True
771,13,794,7,2021-09-06 00:00:00,In-person,1463,True
772,13,196,6,2021-04-15 00:00:00,Online,163,True
773,13,561,1,2021-07-14 00:00:00,Online,1645,True
774,13,60,4,2021-09-08 00:00:00,Phone,908,True
775,13,85,1,2021-08-13 00:00:00,Online,563,True
776,13,180,12,2021-08-27 00:00:00,In-person,266,True
777,13,763,2,2021-10-17 00:00:00,Phone,969,True
778,13,696,6,2021-07-29 00:00:00,Online,744,True
779,13,745,15,2021-01-10 00:00:00,Phone,809,True
780,13,527,3,2021-03-29 00:00:00,Online,1571,True
781,13,103,2,2021-05-01 00:00:00,Phone,575,True
782,13,435,15,2021-09-11 00:00:00,In-person,871,True
783,13,159,6,2021-03-18 00:00:00,In-person,169,False
784,13,470,7,2021-05-28 00:00:00,In-person,415,True
785,13,629,8,2021-03-02 00:00:00,In-person,1016,True
786,13,370,7,2021-08-03 00:00:00,In-person,1199,True
787,13,515,2,2021-09-18 00:00:00,Online,1514,True
788,13,172,2,2021-03-12 00:00:00,In-person,428,True
789,14,787,2,2020-10-27 00:00:00,Online,197,True
790,14,463,4,2020-01-03 00:00:00,Phone,953,True
791,14,201,6,2020-05-09 00:00:00,In-person,177,True
792,14,80,12,2020-06-08 00:00:00,Online,1674,True
793,14,142,9,2020-08-09 00:00:00,Phone,976,True
794,14,553,10,2020-04-08 00:00:00,Phone,493,True
795,14,265,14,2020-10-12 00:00:00,In-person,698,False
796,14,475,10,2020-09-18 00:00:00,In-person,1215,True
797,14,301,1,2020-10-10 00:00:00,In-person,892,True
798,14,395,4,2020-09-29 00:00:00,Phone,442,True
799,14,384,2,2020-11-08 00:00:00,Phone,562,True
800,14,326,7,2020-05-29 00:00:00,Phone,349,True
801,14,426,13,2020-09-04 00:00:00,In-person,1295,True
802,14,574,8,2020-05-14 00:00:00,Online,364,True
803,14,541,6,2021-01-13 00:00:00,Phone,294,False
804,14,494,15,2020-10-22 00:00:00,In-person,341,False
805,14,771,12,2020-08-16 00:00:00,Online,648,True
806,14,375,6,2021-02-24 00:00:00,Online,1726,False
807,14,429,14,2021-02-01 00:00:00,Phone,130,True
808,14,539,1,2021-01-13 00:00:00,Online,1741,True
809,14,166,7,2020-10-24 00:00:00,Phone,898,True
810,14,474,6,2020-02-23 00:00:00,Phone,652,False
811,14,482,15,2021-01-10 00:00:00,Online,324,True
812,14,743,11,2020-03-13 00:00:00,Phone,1437,True
813,14,529,1,2021-02-18 00:00:00,Online,1505,True
814,14,55,14,2020-08-26 00:00:00,In-person,1346,True
815,14,781,14,2020-09-25 00:00:00,In-person,1675,False
816,14,621,9,2020-05-01 00:00:00,Online,122,True
817,14,186,4,2020-10-01 00:00:00,Online,262,True
818,14,299,8,2020-12-17 00:00:00,Online,1360,True
819,14,285,9,2020-05-03 00:00:00,Phone,1464,True
820,14,310,14,2020-10-19 00:00:00,In-person,1104,True
821,14,673,6,2020-05-23 00:00:00,Phone,1252,True
822,14,503,3,2020-11-01 00:00:00,Phone,144,True
823,14,628,12,2021-01-13 00:00:00,Phone,183,True
824,14,699,12,2020-09-19 00:00:00,Online,848,True
825,14,41,14,2021-02-14 00:00:00,Online,1470,True
826,14,108,1,2020-04-15 00:00:00,Phone,633,True
827,14,150,9,2020-12-23 00:00:00,Online,1123,True
828,14,276,11,2021-02-06 00:00:00,Phone,421,True
829,14,490,13,2020-01-02 00:00:00,Phone,1423,True
830,14,380,1,2021-01-27 00:00:00,In-person,1055,True
831,14,535,6,2020-12-29 00:00:00,Online,1453,False
832,14,719,14,2020-05-27 00:00:00,In-person,1177,True
833,14,682,15,2020-02-05 00:00:00,In-person,866,True
834,14,313,4,2020-01-02 00:00:00,Online,1102,True
835,14,97,11,2020-01-04 00:00:00,Phone,1438,False
836,14,113,2,2020-11-13 00:00:00,In-person,1013,True
837,14,102,8,2020-02-23 00:00:00,Online,910,True
838,14,9,14,2020-06-20 00:00:00,Online,1322,False
839,14,298,14,2020-04-24 00:00:00,Phone,885,False
840,14,783,13,2019-12-28 00:00:00,Phone,371,True
841,14,182,15,2020-10-19 00:00:00,Online,428,True
842,14,284,13,2020-06-17 00:00:00,In-person,1654,True
843,14,369,12,2020-07-05 00:00:00,Phone,840,True
844,14,639,8,2020-09-29 00:00:00,In-person,787,True
845,14,239,14,2021-01-04 00:00:00,In-person,523,True
846,14,130,2,2020-04-08 00:00:00,In-person,896,True
847,14,623,2,2021-02-23 00:00:00,In-person,988,False
848,14,788,14,2021-02-08 00:00:00,In-person,1368,True
849,14,412,15,2020-02-22 00:00:00,Online,1650,True
850,14,407,15,2021-02-23 00:00:00,Phone,1682,True
851,14,57,8,2020-08-27 00:00:00,Phone,1387,True
852,15,729,12,2021-07-04 00:00:00,Phone,692,False
853,15,770,15,2021-08-12 00:00:00,Online,496,True
854,15,726,11,2021-10-01 00:00:00,Phone,1226,True
855,15,607,15,2021-09-26 00:00:00,Phone,477,True
856,15,444,15,2021-09-07 00:00:00,In-person,1326,True
857,15,311,3,2021-05-07 00:00:00,Online,885,True
858,15,65,10,2021-06-21 00:00:00,In-person,1592,True
859,15,503,4,2021-05-20 00:00:00,Phone,389,False
860,15,112,10,2021-10-13 00:00:00,In-person,772,True
861,15,603,6,2021-04-18 00:00:00,Phone,1057,True
862,15,633,2,2021-10-12 00:00:00,Phone,1161,True
863,15,690,2,2021-02-22 00:00:00,Online,1337,True
864,15,93,1,2021-06-26 00:00:00,Online,318,False
865,15,680,12,2021-09-05 00:00:00,Online,480,False
866,15,545,4,2021-07-10 00:00:00,Phone,1230,False
867,15,102,1,2021-07-07 00:00:00,Online,979,True
868,15,672,5,2021-03-22 00:00:00,In-person,1602,True
869,15,160,7,2021-03-06 00:00:00,In-person,190,True
870,15,90,1,2021-03-02 00:00:00,In-person,1333,True
871,15,321,8,2021-03-08 00:00:00,In-person,612,False
872,15,30,11,2021-07-07 00:00:00,In-person,1205,True
873,15,708,3,2021-03-23 00:00:00,Online,487,True
874,15,578,9,2021-10-23 00:00:00,Phone,260,True
875,15,4,9,2021-07-07 00:00:00,Phone,362,True
876,15,255,8,2021-07-18 00:00:00,Phone,377,True
877,15,58,9,2021-09-22 00:00:00,In-person,1242,True
878,15,599,10,2021-03-24 00:00:00,In-person,141,True
879,15,361,8,2021-06-23 00:00:00,In-person,531,True
880,15,354,5,2021-10-19 00:00:00,Online,1061,True
881,15,320,2,2021-07-31 00:00:00,Online,919,True
882,15,714,15,2021-06-24 00:00:00,In-person,1579,True
883,15,125,11,2021-05-01 00:00:00,Online,1568,True
884,15,442,9,2021-03-04 00:00:00,In-person,774,False
885,15,759,15,2021-10-13 00:00:00,Phone,808,True
886,15,159,12,2021-04-18 00:00:00,In-person,581,True
887,15,787,10,2021-09-24 00:00:00,Phone,1190,True
888,15,353,3,2021-09-06 00:00:00,Phone,803,True
889,15,463,13,2021-06-01 00:00:00,Online,1577,True
890,15,387,12,2021-04-25 00:00:00,In-person,216,True
891,15,346,11,2021-05-01 00:00:00,Online,806,False
892,15,730,10,2021-07-05 00:00:00,Online,1796,True
893,15,146,5,2021-10-25 00:00:00,Online,442,True
894,15,107,3,2021-04-13 00:00:00,Phone,1747,True
895,15,478,8,2021-03-02 00:00:00,Online,147,True
896,15,219,5,2021-09-03 00:00:00,Online,474,True
897,15,1,4,2021-10-16 00:00:00,Phone,1770,True
898,15,779,14,2021-09-09 00:00:00,Online,434,False
899,15,194,2,2021-03-07 00:00:00,In-person,448,True
900,15,153,4,2021-08-13 00:00:00,Online,1070,True
901,15,629,13,2021-08-22 00:00:00,Online,1771,True
902,15,392,14,2021-08-19 00:00:00,Phone,339,True
903,15,798,1,2021-06-02 00:00:00,Phone,262,True
904,15,561,8,2021-03-16 00:00:00,In-person,1459,True
905,15,246,9,2021-07-29 00:00:00,In-person,478,True
906,15,278,8,2021-06-17 00:00:00,Online,142,False
907,15,297,15,2021-04-04 00:00:00,In-person,766,True
908,15,37,3,2021-05-21 00:00:00,In-person,734,False
909,15,272,4,2021-07-10 00:00:00,Online,1209,False
910,15,751,3,2021-09-19 00:00:00,In-person,746,True
911,15,509,2,2021-10-18 00:00:00,Phone,558,True
912,15,271,13,2021-10-02 00:00:00,Online,1504,True
913,15,661,5,2021-02-28 00:00:00,Online,1695,False
914,15,260,1,2021-10-12 00:00:00,Online,313,True
915,15,508,15,2021-02-27 00:00:00,Online,359,False
916,15,684,2,2021-03-04 00:00:00,In-person,713,True
917,15,662,11,2021-05-11 00:00:00,In-person,185,True
918,15,521,1,2021-09-05 00:00:00,Phone,1721,True
919,15,732,4,2021-09-14 00:00:00,Online,972,True
920,15,605,15,2021-05-08 00:00:00,In-person,1555,True
921,15,445,12,2021-04-24 00:00:00,Online,507,True
922,15,413,6,2021-07-06 00:00:00,Online,1762,True
923,15,651,1,2021-04-09 00:00:00,Online,1508,True
924,15,294,7,2021-04-12 00:00:00,In-person,1337,True
925,15,263,10,2021-06-10 00:00:00,Online,545,True
926,15,611,6,2021-10-22 00:00:00,Online,1755,False
927,15,408,8,2021-08-13 00:00:00,In-person,1316,True
928,15,688,15,2021-09-17 00:00:00,In-person,932,True
929,15,336,3,2021-09-08 00:00:00,Online,852,True
930,15,304,2,2021-09-07 00:00:00,Online,1358,True
931,15,742,13,2021-03-05 00:00:00,Online,1586,False
932,16,5,5,2020-02-01 00:00:00,In-person,1121,True
933,16,166,11,2019-09-12 00:00:00,Online,709,True
934,16,347,9,2019-08-10 00:00:00,Phone,1348,False
935,16,445,10,2019-06-13 00:00:00,In-person,883,True
936,16,260,11,2019-07-25 00:00:00,Phone,1245,True
937,16,49,12,2019-12-11 00:00:00,Phone,398,False
938,16,70,13,2019-11-09 00:00:00,Phone,1158,False
939,16,712,13,2020-03-18 00:00:00,In-person,996,True
940,16,102,8,2019-08-23 00:00:00,Online,1252,True
941,16,263,4,2020-01-26 00:00:00,Online,1069,True
942,16,484,7,2019-10-30 00:00:00,Phone,354,False
943,16,798,8,2020-01-04 00:00:00,Phone,1631,False
944,16,251,8,2019-09-29 00:00:00,Online,1208,False
945,16,253,6,2020-04-09 00:00:00,Online,1698,True
946,16,58,13,2019-10-02 00:00:00,Phone,1392,True
947,16,264,9,2020-03-10 00:00:00,In-person,434,True
948,16,28,14,2020-02-23 00:00:00,Online,1320,True
949,16,108,5,2019-05-29 00:00:00,Online,374,True
950,16,27,6,2019-08-20 00:00:00,In-person,1010,True
951,16,115,9,2019-12-26 00:00:00,In-person,1070,True
952,16,168,11,2020-01-03 00:00:00,Phone,740,True
953,16,516,13,2019-06-20 00:00:00,Online,544,True
954,16,211,4,2019-10-11 00:00:00,Phone,482,True
955,16,104,12,2019-09-28 00:00:00,In-person,1754,True
956,16,85,9,2019-07-28 00:00:00,In-person,514,True
957,16,277,12,2019-10-11 00:00:00,Phone,124,True
958,16,228,7,2019-11-17 00:00:00,Online,1723,True
959,16,412,9,2019-11-06 00:00:00,Online,1580,True
960,16,743,6,2019-12-02 00:00:00,Online,177,False
961,16,589,11,2020-02-12 00:00:00,In-person,685,True
962,16,457,12,2020-02-25 00:00:00,Phone,296,True
963,16,719,11,2019-09-21 00:00:00,Phone,1175,True
964,16,209,5,2019-10-22 00:00:00,In-person,1218,True
965,16,380,5,2020-03-20 00:00:00,Phone,1351,True
966,16,10,7,2019-09-10 00:00:00,Phone,576,True
967,16,717,9,2020-03-31 00:00:00,Online,1427,True
968,16,204,1,2019-07-28 00:00:00,Phone,1112,True
969,16,158,3,2019-09-12 00:00:00,Phone,893,True
970,16,554,8,2019-09-22 00:00:00,In-person,1418,True
971,16,640,6,2020-02-12 00:00:00,Phone,951,False
972,16,440,5,2019-11-08 00:00:00,Phone,447,True
973,16,333,12,2019-10-24 00:00:00,Phone,920,False
974,16,410,8,2020-01-23 00:00:00,Online,367,True
975,16,521,6,2019-12-26 00:00:00,In-person,121,True
976,16,657,8,2019-09-09 00:00:00,Phone,1734,True
977,16,767,3,2020-02-02 00:00:00,Online,1331,True
978,16,421,5,2020-03-19 00:00:00,Phone,768,False
979,16,772,1,2019-06-14 00:00:00,In-person,700,False
980,16,125,11,2020-02-07 00:00:00,Online,1203,False
981,16,226,12,2019-12-03 00:00:00,Online,1311,True
982,16,146,15,2019-11-30 00:00:00,In-person,244,True
983,16,286,9,2019-12-21 00:00:00,Online,1047,True
984,16,563,6,2019-12-05 00:00:00,Phone,352,True
985,16,8,10,2019-07-12 00:00:00,Online,1678,True
986,16,780,9,2020-02-01 00:00:00,Phone,958,True
987,16,190,1,2020-01-23 00:00:00,Phone,124,True
988,16,748,13,2019-09-19 00:00:00,In-person,388,True
989,16,138,4,2019-06-29 00:00:00,Phone,963,True
990,16,718,7,2019-08-15 00:00:00,Online,1782,True
991,17,262,12,2021-03-31 00:00:00,Online,326,False
992,17,78,10,2020-09-29 00:00:00,Online,1709,True
993,17,243,5,2020-12-12 00:00:00,Phone,158,True
994,17,98,6,2021-02-14 00:00:00,Online,1600,True
995,17,188,6,2020-09-05 00:00:00,Online,1395,True
996,17,351,5,2020-12-17 00:00:00,Online,1284,True
997,17,266,2,2020-11-28 00:00:00,Phone,1726,True
998,17,338,1,2020-12-19 00:00:00,Phone,1423,False
999,17,779,1,2020-08-26 00:00:00,In-person,952,True
1000,17,369,14,2021-03-25 00:00:00,Phone,1706,True
1001,17,99,15,2021-03-31 00:00:00,In-person,1548,True
1002,17,293,8,2021-01-22 00:00:00,Online,1724,False
1003,17,53,11,2021-03-14 00:00:00,In-person,1308,True
1004,17,674,4,2021-01-29 00:00:00,Online,985,True
1005,17,57,8,2020-08-30 00:00:00,Online,746,True
1006,17,670,7,2021-01-30 00:00:00,Phone,372,False
1007,17,480,1,2021-01-08 00:00:00,Online,563,False
1008,17,451,8,2021-05-06 00:00:00,In-person,1749,False
1009,17,378,9,2020-09-25 00:00:00,Phone,1228,True
1010,17,171,1,2020-08-20 00:00:00,Phone,718,True
1011,17,77,4,2021-03-18 00:00:00,Phone,298,True
1012,17,457,4,2020-09-02 00:00:00,Phone,691,True
1013,17,14,15,2020-11-07 00:00:00,Online,1258,True
1014,17,603,4,2021-04-13 00:00:00,In-person,1443,True
1015,17,263,5,2020-11-13 00:00:00,Online,1754,True
1016,17,25,11,2020-09-28 00:00:00,Phone,389,True
1017,17,699,15,2020-10-07 00:00:00,Phone,1775,True
1018,17,755,5,2021-02-23 00:00:00,Online,1651,True
1019,17,150,12,2021-02-13 00:00:00,In-person,504,True
1020,17,74,3,2020-08-23 00:00:00,Online,614,True
1021,17,156,3,2020-12-16 00:00:00,In-person,1269,True
1022,17,294,5,2021-04-14 00:00:00,Phone,986,True
1023,17,7,14,2020-08-05 00:00:00,Online,999,False
1024,17,79,3,2020-08-10 00:00:00,Online,1593,True
1025,17,194,8,2020-11-01 00:00:00,Phone,205,True
1026,17,133,11,2020-10-21 00:00:00,Phone,549,True
1027,17,393,5,2020-12-03 00:00:00,In-person,187,True
1028,17,448,1,2020-11-06 00:00:00,Phone,1759,True
1029,17,624,13,2020-09-15 00:00:00,In-person,585,True
1030,17,592,4,2021-03-23 00:00:00,In-person,1531,True
1031,17,323,9,2021-01-15 00:00:00,Phone,1432,False
1032,17,82,10,2021-04-13 00:00:00,In-person,954,True
1033,17,44,5,2021-03-30 00:00:00,Online,1253,True
1034,17,359,15,2020-10-11 00:00:00,Online,482,True
1035,17,47,12,2021-03-29 00:00:00,Phone,1542,True
1036,17,273,11,2020-11-06 00:00:00,Phone,1439,True
1037,17,341,3,2020-12-11 00:00:00,In-person,447,True
1038,17,193,3,2020-09-27 00:00:00,In-person,1671,True
1039,17,620,14,2020-11-01 00:00:00,Online,456,True
1040,17,400,9,2021-02-15 00:00:00,Online,1725,True
1041,17,167,8,2020-09-11 00:00:00,Phone,1605,True
1042,17,590,15,2020-11-04 00:00:00,In-person,538,True
1043,17,186,5,2021-03-03 00:00:00,Online,530,True
1044,17,645,9,2021-02-05 00:00:00,Online,1081,True
1045,17,30,1,2021-01-16 00:00:00,In-person,812,True
1046,17,45,14,2021-01-09 00:00:00,Online,1325,True
1047,17,391,3,2020-09-26 00:00:00,Phone,1297,True
1048,17,621,2,2020-08-25 00:00:00,Phone,675,True
1049,17,428,1,2020-11-17 00:00:00,Phone,819,True
1050,17,180,5,2021-02-15 00:00:00,Online,1616,True
1051,17,458,13,2020-12-29 00:00:00,Phone,408,True
1052,18,487,12,2023-01-10 00:00:00,In-person,1699,True
1053,18,577,12,2022-10-10 00:00:00,Online,799,True
1054,18,12,7,2022-11-02 00:00:00,Phone,539,True
1055,18,414,13,2022-10-30 00:00:00,Phone,1373,True
1056,18,708,11,2022-10-13 00:00:00,Phone,573,False
1057,18,641,4,2022-11-09 00:00:00,In-person,1016,True
1058,18,326,3,2023-01-06 00:00:00,Online,1606,True
1059,18,703,10,2022-10-30 00:00:00,Online,1544,True
1060,18,313,7,2022-12-28 00:00:00,In-person,459,True
1061,18,563,12,2022-11-25 00:00:00,Phone,1442,True
1062,18,328,12,2022-10-12 00:00:00,Phone,1722,True
1063,18,3,8,2022-11-28 00:00:00,Phone,570,True
1064,18,659,9,2022-11-29 00:00:00,Online,1452,True
1065,18,623,9,2022-12-08 00:00:00,Online,705,True
1066,18,9,13,2022-12-24 00:00:00,Phone,391,True
1067,18,15,12,2022-11-21 00:00:00,In-person,465,False
1068,18,123,10,2022-11-06 00:00:00,Phone,1434,True
1069,18,198,12,2022-10-22 00:00:00,Online,1145,True
1070,18,412,1,2023-01-05 00:00:00,In-person,125,True
1071,18,265,5,2022-11-26 00:00:00,Online,976,True
1072,18,368,6,2022-10-16 00:00:00,Phone,1006,True
1073,18,399,10,2023-01-07 00:00:00,In-person,1161,True
1074,18,315,15,2022-10-14 00:00:00,Phone,1670,True
1075,18,604,5,2022-12-16 00:00:00,Online,1257,False
1076,18,750,4,2022-10-09 00:00:00,In-person,1093,True
1077,18,652,6,2022-11-07 00:00:00,In-person,493,True
1078,18,584,11,2022-10-27 00:00:00,Phone,928,True
1079,18,233,1,2022-11-04 00:00:00,Online,559,True
1080,18,407,5,2022-11-22 00:00:00,In-person,1096,True
1081,18,515,7,2023-01-07 00:00:00,In-person,190,True
1082,18,39,15,2023-01-07 00:00:00,In-person,1297,True
1083,18,189,2,2022-11-09 00:00:00,Online,315,True
1084,18,231,2,2022-12-31 00:00:00,Phone,330,False
1085,18,160,6,2022-12-20 00:00:00,In-person,335,True
1086,18,798,2,2022-11-15 00:00:00,Online,1310,False
1087,18,428,2,2023-01-09 00:00:00,Phone,1202,True
1088,18,118,12,2022-11-20 00:00:00,Phone,1321,True
1089,18,259,12,2022-12-06 00:00:00,Online,289,True
1090,18,303,8,2023-01-09 00:00:00,In-person,648,True
1091,18,317,5,2023-01-06 00:00:00,In-person,282,True
1092,18,649,6,2022-10-18 00:00:00,Phone,1543,True
1093,18,54,4,2022-12-23 00:00:00,In-person,921,True
1094,18,666,7,2022-12-10 00:00:00,In-person,447,True
1095,18,670,9,2022-11-22 00:00:00,Online,915,True
1096,18,474,10,2022-12-22 00:00:00,Phone,293,True
1097,18,620,1,2022-12-20 00:00:00,Online,1110,True
1098,18,204,4,2022-11-27 00:00:00,In-person,240,True
1099,18,116,11,2022-12-24 00:00:00,Phone,349,False
1100,19,120,15,2019-10-31 00:00:00,Phone,1120,True
1101,19,656,1,2019-09-05 00:00:00,Online,1123,True
1102,19,305,14,2019-12-13 00:00:00,In-person,754,False
1103,19,50,5,2019-11-25 00:00:00,Online,1515,True
1104,19,747,2,2019-06-07 00:00:00,In-person,132,True
1105,19,262,15,2019-11-04 00:00:00,Phone,1024,True
1106,19,38,1,2019-09-09 00:00:00,Phone,1272,True
1107,19,270,4,2019-11-02 00:00:00,Online,504,True
1108,19,648,10,2019-09-26 00:00:00,Phone,1699,True
1109,19,572,4,2020-01-15 00:00:00,Phone,1185,True
1110,19,158,7,2019-12-09 00:00:00,In-person,1254,True
1111,19,759,7,2019-07-13 00:00:00,Phone,924,True
1112,19,235,11,2019-06-20 00:00:00,Online,1322,True
1113,19,32,14,2019-07-19 00:00:00,In-person,625,True
1114,19,615,10,2020-02-15 00:00:00,Phone,1224,True
1115,19,3,7,2019-11-28 00:00:00,Phone,1728,True
1116,19,351,7,2020-01-01 00:00:00,In-person,527,True
1117,19,601,3,2019-06-10 00:00:00,Online,1764,True
1118,19,501,13,2020-02-01 00:00:00,In-person,493,True
1119,19,104,5,2019-07-28 00:00:00,In-person,872,True
1120,19,83,6,2019-07-28 00:00:00,Phone,248,True
1121,19,595,7,2019-10-11 00:00:00,In-person,667,True
1122,19,610,10,2019-10-09 00:00:00,Online,782,True
1123,19,144,13,2020-02-06 00:00:00,Online,424,False
1124,19,279,15,2020-01-19 00:00:00,Phone,1076,False
1125,19,531,7,2019-09-22 00:00:00,Phone,769,True
1126,19,366,11,2020-02-09 00:00:00,Phone,360,True
1127,19,489,11,2019-10-26 00:00:00,In-person,1432,False
1128,19,685,1,2019-07-08 00:00:00,Phone,215,True
1129,19,701,5,2019-11-27 00:00:00,Online,1211,True
1130,19,534,3,2020-02-10 00:00:00,In-person,1104,False
1131,19,17,7,2020-01-12 00:00:00,Phone,1334,True
1132,19,600,8,2019-10-25 00:00:00,Online,797,True
1133,19,784,2,2019-12-02 00:00:00,Online,424,True
1134,19,141,4,2019-06-19 00:00:00,Online,1117,True
1135,19,413,1,2019-09-19 00:00:00,In-person,1698,True
1136,19,258,12,2020-02-08 00:00:00,Online,1509,True
1137,19,751,2,2020-01-02 00:00:00,Online,1326,False
1138,19,227,7,2019-09-25 00:00:00,In-person,195,True
1139,19,688,7,2020-01-29 00:00:00,Phone,996,True
1140,19,579,6,2019-10-31 00:00:00,Online,1308,True
1141,19,777,10,2019-11-08 00:00:00,Online,1022,False
1142,19,571,2,2019-09-23 00:00:00,Online,790,True
1143,19,525,10,2019-11-16 00:00:00,Phone,965,True
1144,19,446,9,2019-07-31 00:00:00,Phone,462,True
1145,19,547,1,2019-08-11 00:00:00,Phone,940,True
1146,20,579,15,2023-02-26 00:00:00,Online,1529,True
1147,20,634,4,2023-01-25 00:00:00,Phone,1098,True
1148,20,624,12,2022-12-25 00:00:00,In-person,1284,True
1149,20,739,8,2022-11-20 00:00:00,Online,1171,True
1150,20,461,1,2022-12-13 00:00:00,Online,292,True
1151,20,650,3,2023-02-06 00:00:00,Phone,562,True
1152,20,553,14,2023-02-05 00:00:00,Online,1405,True
1153,20,665,5,2023-04-03 00:00:00,In-person,1644,True
1154,20,695,6,2023-01-25 00:00:00,In-person,470,True
1155,20,493,12,2022-12-02 00:00:00,Online,1705,True
1156,20,502,5,2022-11-13 00:00:00,In-person,187,True
1157,20,578,1,2022-11-07 00:00:00,Online,817,True
1158,20,686,1,2022-12-12 00:00:00,In-person,507,True
1159,20,674,15,2023-02-07 00:00:00,In-person,436,True
1160,20,364,10,2023-03-28 00:00:00,Phone,506,True
1161,20,180,8,2022-12-31 00:00:00,Online,1475,False
1162,20,10,15,2023-02-27 00:00:00,Phone,1574,True
1163,20,625,1,2023-01-13 00:00:00,Online,448,True
1164,20,456,11,2023-02-05 00:00:00,Phone,677,True
1165,20,570,3,2023-02-14 00:00:00,In-person,1492,True
1166,20,362,3,2023-02-15 00:00:00,Online,1564,True
1167,20,661,7,2022-11-23 00:00:00,In-person,317,True
1168,20,344,5,2023-03-28 00:00:00,Phone,1770,False
1169,20,420,1,2023-03-23 00:00:00,Phone,156,True
1170,20,258,6,2023-03-17 00:00:00,Phone,172,True
1171,20,255,8,2023-02-19 00:00:00,Online,1276,True
1172,20,334,12,2023-02-09 00:00:00,Phone,1572,True
1173,20,374,8,2023-03-18 00:00:00,In-person,1797,True
1174,20,482,13,2023-02-09 00:00:00,Online,621,False
1175,20,93,12,2022-11-12 00:00:00,In-person,196,True
1176,20,722,7,2023-02-14 00:00:00,Online,744,True
1177,20,340,4,2023-01-14 00:00:00,Online,1280,True
1178,20,150,15,2022-12-03 00:00:00,In-person,845,True
1179,20,640,12,2023-01-27 00:00:00,In-person,595,True
1180,20,576,10,2023-02-18 00:00:00,Online,1492,True
1181,20,182,4,2022-12-06 00:00:00,Phone,1672,True
1182,20,57,9,2023-01-28 00:00:00,In-person,322,True
1183,20,655,12,2023-01-25 00:00:00,In-person,1773,True
1184,20,146,14,2022-12-27 00:00:00,In-person,612,True
1185,20,583,10,2022-11-09 00:00:00,Phone,275,True
1186,20,305,5,2022-12-25 00:00:00,Online,1127,True
1187,20,185,7,2023-05-08 00:00:00,In-person,886,True
1188,20,123,4,2022-11-05 00:00:00,In-person,1304,True
1189,20,205,14,2023-03-12 00:00:00,Online,1675,True
1190,20,328,4,2023-03-15 00:00:00,In-person,1126,True
1191,20,250,9,2023-05-07 00:00:00,Online,466,True
1192,20,744,4,2022-11-24 00:00:00,Online,553,True
1193,20,209,2,2022-12-15 00:00:00,Online,1601,True
1194,20,210,4,2023-04-23 00:00:00,In-person,1513,True
1195,20,756,1,2023-02-11 00:00:00,Online,1386,True
1196,20,771,2,2022-12-30 00:00:00,Online,1232,True
1197,20,773,15,2023-03-29 00:00:00,In-person,1318,True
