run_id,benchmark_id,algorithm_id,run_at,hardware_tag,random_seed,train_time_secs,peak_memory_mb,git_commit,status
1,1,1,2024-02-27 00:00:00,CPU-only-64GB,40424,69193.361,29760.58,e81c39a2bf0ef06aca5576728738fd3ec1bcb51a,Completed
2,1,4,2023-11-18 00:00:00,CPU-only-64GB,75605,42492.811,14440.73,6f49e6f438929c854b83affca4ff92449ea72484,Completed
3,1,18,2024-02-08 00:00:00,CPU-only-64GB,91947,45609.129,6572.39,c8996c6e545c8dd5ea0e285826c13b09ca938d37,Completed
4,1,17,2022-08-27 00:00:00,A100-40GB,14833,55224.902,24464.16,ac89bf11a1ab8b9c6caa2c280b13185eb7ec920d,Completed
5,1,7,2022-04-01 00:00:00,M2-Pro-32GB,88269,8673.902,29578.49,e0ca7be1e166310187633a06e9b1b3bc5167f8a0,Completed
6,1,11,2023-07-20 00:00:00,RTX-4090,41395,61227.018,33411.95,07c06635ba2f1b7b65638396f23d7a987e0dadf1,Completed
7,1,9,2021-01-31 00:00:00,M2-Pro-32GB,72345,15252.762,35271.5,7197d9f09d298632000c4adc8ce4eb7fa96f53cd,Completed
8,1,21,2022-09-01 00:00:00,M2-Pro-32GB,59538,,,214790c91c7e7cc507a3c56beecc52f759bf39fc,Timeout
9,1,14,2022-01-26 00:00:00,RTX-4090,15462,24545.118,35554.65,a0b448311b08b6bbe4d6483164d96104b24b3d4d,Completed
10,1,19,2022-02-16 00:00:00,V100-32GB,52438,65543.632,11531.0,15e33ec0762aa60332774d1b86a8b3089e1ca7c3,Completed
11,1,4,2024-04-07 00:00:00,TPU-v3,91311,868.452,6816.53,ee3625deff435f80e0e8d11a4feaeb3e3a6396c8,Completed
12,1,4,2024-04-15 00:00:00,V100-32GB,59024,65611.132,24461.31,dbc9925edaa57e1a951b8bf5933c9bf9409c0e1e,Completed
13,1,8,2022-09-24 00:00:00,M2-Pro-32GB,80485,12479.331,37333.95,efcf160aefd8104c24057d0dfc4b1b42e73358d3,Completed
14,1,25,2022-02-11 00:00:00,M2-Pro-32GB,67228,35916.919,13272.59,c0bd828d399dc5f67bf89852e6c63414eb4a6311,Completed
15,1,11,2021-10-06 00:00:00,M2-Pro-32GB,90357,62785.508,16168.98,a2ed6a9891fa999962691385cf36246a95eee0d5,Completed
16,1,4,2024-02-08 00:00:00,CPU-only-64GB,94597,62620.968,36790.68,44599fd1d15f6297c3c4115cbbe3ba0aadabe387,Completed
17,2,5,2022-09-11 00:00:00,CPU-only-64GB,3504,48774.232,24932.64,9978825f3cfcb505ff0de133251b0e3316b5d134,Completed
18,2,21,2022-04-09 00:00:00,V100-32GB,91953,4640.917,24098.54,2e0ef9a08519f92e6b4a4aecb39c8d5ea4408b07,Completed
19,2,12,2021-04-29 00:00:00,V100-32GB,79042,3724.487,5107.37,928206a677f9214d01d339ea496e0a13c02e9fee,Completed
20,2,22,2023-04-08 00:00:00,RTX-4090,65002,50781.391,31127.21,dccb1208845fc0a1c4ada045ee9e6f79ec7e6b53,Completed
21,2,21,2023-11-06 00:00:00,CPU-only-64GB,58066,,,03daa78564c9338ba6c16fa8c5702ff8dde34a44,Timeout
22,2,6,2023-06-04 00:00:00,CPU-only-64GB,63106,40354.001,21862.16,017060d6ff3302b71478cc16052a62305b877165,Completed
23,2,9,2022-07-01 00:00:00,A100-40GB,31395,51148.9,25662.14,1aecd0a3073e53648adf7a1ebf54b153db5606dd,Completed
24,2,9,2021-03-24 00:00:00,RTX-4090,63285,17789.276,7820.91,60b3467792712f5eb93d8a8928c1f5add4919c7b,Completed
25,2,20,2021-04-28 00:00:00,A100-40GB,57926,66801.958,8199.88,89560f4b121ea7333a762ac9df3c724afe20b74a,Completed
26,2,12,2022-05-26 00:00:00,CPU-only-64GB,15752,23229.043,27956.56,387dcca3e94fa97515d6a3188b3c06622d9af8c6,Completed
27,2,20,2022-01-09 00:00:00,V100-32GB,31796,42205.431,25974.51,6b5f3b9f542c01147deda74ba12004b92acbb6df,Completed
28,2,3,2023-07-11 00:00:00,TPU-v3,28493,34851.719,10371.65,49d86cce8ea8fc5a64f6347079b458162fa703ce,Completed
29,2,13,2021-11-25 00:00:00,M2-Pro-32GB,15159,,,9d4d6f68c913c3631bfe26d30fb0982f3dccb792,OOM
30,2,11,2021-10-31 00:00:00,A100-40GB,42435,6281.012,7482.51,2380ac09af9d3fc1efc7200963d3164c3165099a,Completed
31,2,4,2022-05-07 00:00:00,V100-32GB,8761,,,fda513ff6fa66375fe812aec36cf0d69a3dfb693,Timeout
32,2,23,2023-08-10 00:00:00,RTX-4090,39928,2139.208,9929.72,0d270680a0b6fe8339d7dddcfbbde3cd95299649,Completed
33,2,21,2024-03-04 00:00:00,A100-40GB,50109,46851.085,21337.68,4af255cb950ad6c2badaea5687af696028248a17,Completed
34,2,22,2023-05-05 00:00:00,RTX-4090,7377,25776.317,36849.27,c842a6dbf9caad73fad00411d370ca000dd48ac1,Completed
35,2,20,2024-03-13 00:00:00,RTX-4090,71218,37384.469,16968.74,7c2aff48f99289c80704167f0945a12256d65056,Completed
36,2,14,2021-09-04 00:00:00,CPU-only-64GB,5764,,,bde83b36205a0c9f9fae77d1221fcf84a8ca8c7d,OOM
37,2,22,2021-03-11 00:00:00,RTX-4090,22740,,,7c8d3b66bdc8c79a801bf6ddd302cd49128869a1,Timeout
38,2,2,2022-03-14 00:00:00,CPU-only-64GB,42893,64850.666,2685.34,5a069d92969947d09c1ec0340d54b78a8ac1ac41,Completed
39,2,6,2023-05-25 00:00:00,TPU-v3,66452,4170.482,37164.15,243a00cc38cd065f3e224c64f855c78004dc45e2,Completed
40,2,15,2024-02-26 00:00:00,V100-32GB,93098,35977.783,18775.3,071a6151dfe9c21e7c8c7ef8d1de6693c6d1be6a,Completed
41,2,13,2023-01-17 00:00:00,M2-Pro-32GB,42718,,,758cbefe73fedace10b979c378c0c5dce60da2e7,OOM
42,2,11,2022-08-31 00:00:00,RTX-4090,27356,33931.744,9577.04,435ef59e617cd2798453dae43a63d8902459b0c2,Completed
43,2,20,2021-05-25 00:00:00,A100-40GB,34193,25068.312,11606.08,72d48825b3ab9f434a7bb45c095756b1a1001e9a,Completed
44,3,19,2022-05-25 00:00:00,V100-32GB,63533,,,7c74f1c9e0422553a3dccc0ba3a5713131cb2c49,OOM
45,3,15,2022-12-06 00:00:00,A100-40GB,76943,51034.397,13994.63,c3f2ad4bf138462373872975ee3bfd74722edd7c,Completed
46,3,25,2022-07-09 00:00:00,M2-Pro-32GB,20235,29028.916,35675.86,be4ba8a8f1f9a232b88a8b1b51b84a426c9227c7,Completed
47,3,16,2023-06-26 00:00:00,CPU-only-64GB,78292,,,6ad0aae69a1ab515c23e75d1e506831bdc7b8d80,Timeout
48,3,11,2023-12-13 00:00:00,M2-Pro-32GB,29920,61773.346,19529.56,0869978e346bcd9f0d3952b7059aa01df8dc8186,Completed
49,3,9,2023-04-16 00:00:00,RTX-4090,22890,119.916,36265.76,bcb3728c53d22f638ea2c3f440175f54dbb0d311,Completed
50,3,18,2021-09-10 00:00:00,TPU-v3,97934,12749.697,28924.5,8c8a69df9a8666b4ca78fcd95840ee363c23adf0,Completed
51,3,19,2021-12-26 00:00:00,M2-Pro-32GB,6844,25880.948,34392.77,8da0fe1bc3028ef9aaafee1462b80b1405028a3b,Completed
52,3,23,2021-10-07 00:00:00,TPU-v3,86764,37292.599,2201.92,7947f317d2432f553539baac97f9b742229be98d,Completed
53,3,23,2022-10-20 00:00:00,RTX-4090,65059,20877.116,1109.32,aee31dd6a364545f99d1155d0a55e9608dfb529d,Completed
54,3,19,2022-09-18 00:00:00,RTX-4090,38890,,,7a1e1c20d3aa68401c497f3f7303015d8c355379,Timeout
55,3,20,2023-04-02 00:00:00,A100-40GB,17536,15203.761,9349.82,32ea976949f624cd4a876a02df2f05ac39ee925a,Completed
56,3,4,2023-01-02 00:00:00,A100-40GB,55762,10350.701,28279.25,dc4f722554ea03e4a769a7876535f602dd723c94,Completed
57,3,7,2022-07-11 00:00:00,V100-32GB,85221,71860.747,6402.81,2e535b8c4e7cedee81c0392f4a9be8dd1bee8cdf,Completed
58,3,20,2022-08-19 00:00:00,A100-40GB,28778,21557.33,1385.74,8b67afcf08117eb39e41e533b2409707940d352a,Completed
59,3,17,2022-03-17 00:00:00,RTX-4090,66877,53599.44,38159.23,0b3dabb2cca5c5307150b11082cf95ecbea213fc,Completed
60,3,9,2022-01-15 00:00:00,TPU-v3,43364,,,51cfdd8ed21045968740ec275bcf8c58a9a08f65,Timeout
61,3,4,2022-11-26 00:00:00,RTX-4090,8923,,,c120644d1c886cac7dbf3171c6feaa41678f5f36,OOM
62,3,3,2023-05-21 00:00:00,CPU-only-64GB,74646,49932.168,30476.07,ab1a92d1a88627c3ad10f12a4546d52ccbb06f0e,Completed
63,3,15,2021-07-27 00:00:00,TPU-v3,19257,10836.418,39702.12,0f85ab8a6f00c02f59a480d3f90be18ef1bf7527,Completed
64,3,6,2023-10-24 00:00:00,TPU-v3,85472,4290.824,10207.83,473726518b795b8501295daf2ddbfe1cd8703b41,Completed
65,3,3,2023-07-18 00:00:00,V100-32GB,3089,14704.172,39234.37,64f5afddadff3d3643778ecf01e8c6ee6558ad2b,Completed
66,4,13,2022-11-23 00:00:00,CPU-only-64GB,48480,11942.052,20552.46,3c8d46bfb51da34763af71a3b41c96fbd1cf7deb,Completed
67,4,4,2021-07-22 00:00:00,M2-Pro-32GB,10956,4721.653,1640.17,325e75d2aba7fda73dec4d79b1fe4fcdd62205dd,Completed
68,4,2,2021-02-23 00:00:00,A100-40GB,13141,67793.373,37844.39,8a3522534606335582ca7cd1bd3ebee31fee508b,Completed
69,4,13,2023-06-06 00:00:00,A100-40GB,9712,30386.502,33542.3,8a0039d37175a6e96ef87e4efe7665de9856b20b,Completed
70,4,14,2022-07-04 00:00:00,TPU-v3,58752,4391.935,32272.79,cff60e62193c36d01de6702d5c4205da104aa6f1,Completed
71,4,4,2021-07-05 00:00:00,TPU-v3,5118,5143.621,18160.21,647f3a35b97e23894cf0a4449e701f39683d12f6,Completed
72,4,2,2021-12-24 00:00:00,TPU-v3,9018,18704.371,33440.34,0aaa5aba3ef50350d807bf5d29e850b787dea9de,Completed
73,4,7,2021-09-21 00:00:00,CPU-only-64GB,34418,48067.328,35803.6,1124da556651e51e7d581fff9b7b1ef7b5fcb439,Completed
74,4,17,2023-01-12 00:00:00,TPU-v3,45024,70318.021,32942.68,3cf449ae3a2cdf9415cca0b12211b48822fc9d73,Completed
75,4,25,2022-08-04 00:00:00,CPU-only-64GB,5631,65145.641,23089.29,3ff01e587780fe9c58f53d38c105c78003af41c0,Completed
76,4,11,2021-05-28 00:00:00,V100-32GB,46620,41399.806,4519.78,2489ffaebc89a8bb1f04f16365d36a4fe8ac55af,Completed
77,4,13,2023-12-10 00:00:00,TPU-v3,60045,36479.811,27533.44,51cc654fd18e8caa0e0686373dfc2ab4b7d57b4e,Completed
78,4,18,2021-12-29 00:00:00,CPU-only-64GB,68561,60497.137,8490.91,f6a8d641b34f630df17364d4a2a97eaa5d9bef9c,Completed
79,4,18,2022-03-04 00:00:00,A100-40GB,48216,39804.721,2106.78,73c2b2102b82703d9e922cd7a216d037ef104241,Completed
80,4,12,2024-05-04 00:00:00,TPU-v3,12700,59687.317,11137.18,bda2eced1f519ec040bc91ddc029a43366f644ee,Completed
81,4,23,2023-08-03 00:00:00,CPU-only-64GB,20559,29419.816,22219.67,3b3bb43e14c6007bcd84a7a8a53b68bb234392dc,Completed
82,4,14,2021-08-26 00:00:00,CPU-only-64GB,69821,4514.224,5101.86,aa2d3bfc449f2ee601fa44451a8f2c422a571180,Completed
83,4,17,2024-03-10 00:00:00,A100-40GB,69023,6508.98,36636.05,efc9f4f53cf287cd4663755f46b15536c984b129,Completed
84,4,12,2022-02-04 00:00:00,TPU-v3,2271,12550.163,29619.98,a3f6ca50b98ff6f7ca5cee87ec92b82c29664fed,Completed
85,5,25,2021-10-22 00:00:00,CPU-only-64GB,99753,23738.004,12424.81,17c8ca5f6ff273845752fcf12b0d758247bb2471,Completed
86,5,7,2023-09-07 00:00:00,RTX-4090,82934,67171.721,26226.14,f276fdb516487823cf067c98fda25167ec9758b1,Completed
87,5,1,2022-09-16 00:00:00,A100-40GB,33195,20531.953,1534.94,bd667b3e2b42bccf43d42f2d31e8a9567d4f8291,Completed
88,5,21,2023-08-11 00:00:00,CPU-only-64GB,89675,,,74d06fdf92908d938419bafe0873d1ee3b0ee0d9,OOM
89,5,17,2024-04-11 00:00:00,RTX-4090,65547,,,296e00fdc6d1f7c77dc16fed355ef86330a495ce,Timeout
90,5,2,2023-11-27 00:00:00,CPU-only-64GB,15127,30297.133,20537.51,c039c25fcadbb53889c5ecb97eac37aef9e68164,Completed
91,5,20,2023-01-24 00:00:00,TPU-v3,84811,48980.825,38640.52,d1bf23ce451124801759ba1df641a7d7209f7dc4,Completed
92,5,23,2021-05-23 00:00:00,TPU-v3,13730,49107.544,30226.4,ba640a8f0d5a950e2491f124ca693ca7406a7836,Completed
93,5,5,2023-12-01 00:00:00,RTX-4090,68816,38725.384,5552.55,494d2ceaca90210b05aa90124140bc7fd35c854e,Completed
94,5,1,2022-05-12 00:00:00,RTX-4090,50628,3694.889,40046.74,6ae77529b7fc9120517a9fca6722512d543b9a64,Completed
95,5,5,2023-06-18 00:00:00,TPU-v3,72430,56593.757,36092.18,c72fd7fbaa75462fdf922260f62f14919c2396dd,Completed
96,5,8,2022-06-11 00:00:00,M2-Pro-32GB,78149,24362.608,13910.24,eee03f19c1b2160187706584e956d856038b6e7f,Completed
97,5,11,2022-05-27 00:00:00,RTX-4090,68633,11750.529,15375.04,85cba7e9a6da3e593a5cc467c12e0cd4d6f36cb0,Completed
98,5,6,2022-04-05 00:00:00,M2-Pro-32GB,39996,37266.726,14981.28,173694f5632d258e2fff1948df91ae23d83a0901,Completed
99,5,20,2022-03-22 00:00:00,V100-32GB,71781,,,2574014f9ed78a6d6a0fb5de9419fd53c666ebea,OOM
100,5,21,2021-04-08 00:00:00,TPU-v3,11618,32414.877,14962.37,94f51c805e393aa2f59b2ac47a4738a9f5874238,Completed
101,5,15,2023-11-18 00:00:00,A100-40GB,44391,2312.393,22255.26,5449095e78fa9b663eb65588f2cbd28b45ccf992,Completed
102,5,18,2024-02-01 00:00:00,A100-40GB,67565,,,8f499d0556f3f4c5b94f1fbf130a7e6f2759a5e1,OOM
103,5,2,2021-08-30 00:00:00,CPU-only-64GB,29081,55410.964,37888.41,81b19fc54d867ccc9c946678c7cc22dd93616bc6,Completed
104,5,13,2022-03-29 00:00:00,M2-Pro-32GB,64533,6359.831,19870.37,468bb9fbc60f7a4e776d28b083d3bb0c21ba6162,Completed
105,5,17,2022-09-29 00:00:00,RTX-4090,9008,11784.543,8657.17,350ecce149d28c8cdaf571dd0f293b4a6710ec56,Completed
106,5,18,2022-09-12 00:00:00,M2-Pro-32GB,83155,69110.574,8764.84,a8315d21154ecbd4c8e187bd639c83607e8bd2e9,Completed
107,5,9,2022-10-14 00:00:00,TPU-v3,5219,3282.465,28771.0,f003c2a21e7f6a4c4b0f8c64f71c7bc0e937a280,Completed
108,5,23,2021-05-14 00:00:00,M2-Pro-32GB,99764,61953.513,40440.79,f2b26a6325d01b430a6806afe3465e111e2fee92,Completed
109,5,4,2021-04-05 00:00:00,V100-32GB,71947,51492.472,28888.44,c3cc1b425117bd3cd40f6127a113cbd72822e514,Completed
110,5,8,2022-04-24 00:00:00,TPU-v3,74435,,,f16ff83399224fa50a4d8bb2707db2320d6ea562,OOM
111,5,5,2021-07-20 00:00:00,RTX-4090,8733,146.97,38512.23,414b3d73954fb95eed23bf1238a91fe1e497ee41,Completed
112,5,9,2022-09-30 00:00:00,CPU-only-64GB,18142,,,43d7ee3448d52a5d3f3823b220a3116391f5fbbe,OOM
113,5,25,2021-04-29 00:00:00,RTX-4090,15093,17219.827,32345.31,9c9da7ad1e68ba4f54a21e1040c58edf9208567b,Completed
114,6,14,2022-02-09 00:00:00,RTX-4090,53562,2643.435,14627.55,9ad0d5d01fc42cc2aa8e31033210b1ca6562a12c,Completed
115,6,15,2022-08-30 00:00:00,M2-Pro-32GB,481,11676.178,28803.56,f6b124a5cbf59dd1652679e362723762a0ef3110,Completed
116,6,1,2021-10-01 00:00:00,M2-Pro-32GB,32081,38732.826,31281.18,4015871e3ec86d74b3d8101a43590711b4bd5c42,Completed
117,6,9,2022-04-23 00:00:00,TPU-v3,97140,66933.418,997.71,73001514257771686f343428f71e785e81cd1ee8,Completed
118,6,23,2022-05-06 00:00:00,V100-32GB,17202,64990.628,4682.04,4d8433d10c784a06adf3a7774b7abfcd81d43f96,Completed
119,6,17,2021-01-18 00:00:00,RTX-4090,5000,2387.795,32724.34,07b9c5332a04555f01254a4df90d5cadca4a1a00,Completed
120,6,8,2024-02-25 00:00:00,CPU-only-64GB,35252,32700.378,26241.35,b9c769934ccd24a311b2af2282407778bc7af4b4,Completed
121,6,9,2021-01-04 00:00:00,TPU-v3,6654,50904.42,39131.01,cced27a37a3ed51fc0ba69cde08fb06d19ff83dd,Completed
122,6,23,2021-10-01 00:00:00,V100-32GB,88134,44867.695,28282.28,d9627ace798a2f60800827437e84ac21acb14108,Completed
123,6,8,2023-07-12 00:00:00,TPU-v3,85960,71862.79,1939.24,785ef4a6c7f7f68e6db7845c561f1b4279ba728c,Completed
124,6,6,2021-12-24 00:00:00,M2-Pro-32GB,73986,71422.284,1351.03,f21e191b049210be3addec112224cad917a10e26,Completed
125,6,17,2021-08-05 00:00:00,M2-Pro-32GB,16043,,,a412d8ac7872105e18be93efbe318358f78e327f,OOM
126,6,18,2021-06-26 00:00:00,M2-Pro-32GB,74426,49138.679,6483.03,73e2355c4312267b85a2a1b05bc39524df47925d,Completed
127,6,18,2024-02-07 00:00:00,RTX-4090,1668,34761.117,8097.64,fb8ea4b678f01ce77f5bdeef5595b82ad97389e6,Completed
128,6,24,2022-03-23 00:00:00,A100-40GB,17546,16003.973,13494.86,4e9a548a16141cb0586836a543428d741b08cec9,Completed
129,6,24,2023-12-03 00:00:00,V100-32GB,37025,,,c2609053b70f5b0d1cda05f551a142c555701e47,OOM
130,6,12,2022-11-11 00:00:00,CPU-only-64GB,84757,60234.121,1490.49,1c15581d378f41c78487611d4f4ffb5557f1ef7c,Completed
131,6,22,2022-10-26 00:00:00,RTX-4090,28983,1998.47,28645.55,1262df9dddeec668d1bc74221f6341ce587353a6,Completed
132,6,15,2021-05-13 00:00:00,M2-Pro-32GB,90154,40726.631,10728.59,2cb938b98b9379a28d1b5fe4ddb12ab289f33ef5,Completed
133,6,8,2021-02-15 00:00:00,A100-40GB,97430,48066.867,22263.58,99fa66df89495becec60032a894bff15222d64e2,Completed
134,6,12,2021-06-23 00:00:00,V100-32GB,57416,48207.189,16322.5,68127cfb25129354085cb422f82acd00e90280f4,Completed
135,6,11,2021-12-26 00:00:00,CPU-only-64GB,17787,40014.798,34877.37,036da1fb516d13179a29ffcbc469b345e65a86c9,Completed
136,6,15,2024-04-07 00:00:00,RTX-4090,97293,50215.053,40834.93,d0b5fe7d28d6e7411ac55a9c900deaeaed0ab040,Completed
137,6,8,2023-07-23 00:00:00,CPU-only-64GB,85504,64548.669,3532.66,27e19d32a7884ada168d3aeb2594f3891a53d5c4,Completed
138,6,25,2022-07-13 00:00:00,RTX-4090,77492,58451.287,14556.04,495e31239089a1ea6655599541691f2ed2289039,Completed
139,6,22,2022-11-20 00:00:00,V100-32GB,82312,21535.456,38878.13,6856a533e3dfe79fe5021cfe6c54cf8e4f527835,Completed
140,6,25,2023-06-27 00:00:00,M2-Pro-32GB,69858,18114.251,4568.68,e49f51629c6a149140c718cc3987ed70ec8b8bca,Completed
141,6,10,2023-02-24 00:00:00,CPU-only-64GB,54196,4095.32,20897.96,4409fa9ea7a052179c94ae61f913182b62d964cd,Completed
142,7,24,2022-09-04 00:00:00,M2-Pro-32GB,71893,42714.042,38100.29,44b70c7a2975af0dd28a43581521423c018348e0,Completed
143,7,15,2023-10-14 00:00:00,CPU-only-64GB,37005,64.797,34130.21,579446f4ac9eab969fc380a781d5cf137403c4a7,Completed
144,7,6,2022-11-17 00:00:00,V100-32GB,11993,71959.382,1214.54,1151e88c99d75e5964af8098f46a50d2e9046f4e,Completed
145,7,18,2023-09-26 00:00:00,CPU-only-64GB,27220,34416.043,8956.8,2b21868ccdb6bf9362a2b5f5ddefa1cd944ad22e,Completed
146,7,14,2022-04-09 00:00:00,TPU-v3,67698,4023.196,18500.36,f751d6822b51bc1ccfabe79a451ef803000847db,Completed
147,7,13,2023-01-08 00:00:00,TPU-v3,98838,44753.165,21733.39,80f7d2fd0e8b0354bb9980b969ab3de99aff788d,Completed
148,7,3,2022-05-02 00:00:00,RTX-4090,93330,46159.856,30351.71,21061d40c106916b097411dd0c01f51e4e3f906e,Completed
149,7,19,2022-02-16 00:00:00,RTX-4090,37876,16557.06,2333.47,cc103f5d6ea2b44820a0283a7880ddaa70ab89cc,Completed
150,7,15,2022-09-17 00:00:00,TPU-v3,29457,71590.641,8469.11,e51cf713d4960affa1b4f962917cbf505674a28d,Completed
151,7,8,2022-12-24 00:00:00,V100-32GB,86689,32958.973,24729.37,71caa03b8105d045f7af83abfd2ed19e8e29608f,Completed
152,7,8,2021-06-12 00:00:00,A100-40GB,85375,4910.484,26053.5,2810a0f7305bebf4ef4be04b646f1d47c46906ec,Completed
153,7,22,2022-05-15 00:00:00,TPU-v3,77472,294.742,22253.75,581dc0a1d939d429569d7857acea8d890aef3f99,Completed
154,7,17,2021-05-17 00:00:00,TPU-v3,52465,,,66b92e54e1d7b024013c32b60b872f221731d199,OOM
155,7,21,2021-12-30 00:00:00,A100-40GB,80089,11381.432,20342.88,b6ce559986ad326991ef2abdd75c9f62000f5f5b,Completed
156,7,9,2022-02-08 00:00:00,CPU-only-64GB,10377,25220.738,15363.29,fee39a38f92e44a3493f051fba7bd3c032f9e799,Completed
157,7,24,2021-09-22 00:00:00,V100-32GB,76667,14364.773,33500.84,5888e5e8d1546fc045982ea0b895a64c5aab96b3,Completed
158,7,23,2022-12-22 00:00:00,TPU-v3,26907,18409.338,10030.58,b400f6623e683d9633e0df9226b65430f9c02e89,Completed
159,7,9,2022-07-07 00:00:00,CPU-only-64GB,46409,31081.45,7633.26,83e70cecf6c831ef98cbb48a0a8ec8985302eb36,Completed
160,7,13,2021-12-02 00:00:00,V100-32GB,73376,7901.816,20803.02,2042aa4a10f2c2ce3c57586c8d8cc587c06f1581,Completed
161,7,14,2022-06-01 00:00:00,CPU-only-64GB,68791,24758.363,19522.38,e8a173117a0a9c0ad542796d7931dfdbd8e81531,Completed
162,7,3,2023-08-02 00:00:00,V100-32GB,89919,20727.104,35483.27,a517a54477e577604ab06e1c1a764de280694230,Completed
163,7,13,2022-01-23 00:00:00,RTX-4090,57822,,,c6d8c0c088bb86d3ccee054ad7f0a320fd649df0,Timeout
164,7,4,2021-07-27 00:00:00,M2-Pro-32GB,10715,,,49d6166d32171b16ab6a0e60bcbf31b9a7d23bdb,OOM
165,7,21,2021-04-16 00:00:00,V100-32GB,21812,21341.061,35070.21,2b90f4d762a896a160e0ef65d1a8893a48fbf2e7,Completed
166,7,22,2021-11-20 00:00:00,V100-32GB,31892,67454.348,32125.84,7f7e9559b459ac0dd4f6489d15af9a3e6c18cec7,Completed
167,7,3,2024-05-30 00:00:00,CPU-only-64GB,58807,,,3fa3f91502c76f51b34efa7338dfb908255cbc47,OOM
168,7,19,2021-08-06 00:00:00,TPU-v3,78122,66100.236,25875.61,99ef6f264302e215a3529ed0d142f2f1a4bdad7e,Completed
169,7,24,2023-11-08 00:00:00,A100-40GB,35454,35456.574,38076.05,3017fb9dafedaf6ba35bec82d433e9d602bb7272,Completed
170,7,20,2021-01-21 00:00:00,V100-32GB,7457,69783.165,33157.92,219a4c68cd31740cbec64340f6b276f4990aea23,Completed
171,7,4,2023-02-03 00:00:00,A100-40GB,40567,10021.518,3728.35,c08e0c83e704037f41fa1e7df16d17fc8031d3cd,Completed
172,8,10,2022-10-10 00:00:00,CPU-only-64GB,13370,,,6c66ddc3c0084a4d1481f743e5ec99fc63488230,OOM
173,8,14,2022-01-18 00:00:00,TPU-v3,49082,42524.924,18188.58,1eb80d263ee459d3a9b619495b0a3b554b519fa8,Completed
174,8,5,2023-10-30 00:00:00,M2-Pro-32GB,65412,61017.427,15962.19,ec0c42df84ca2e287b1b9aa7ee609b2efe160a70,Completed
175,8,16,2022-03-10 00:00:00,TPU-v3,8342,68473.187,21605.29,285f0bd81f1f5dfa5838dd9fae0a3fab233d36c1,Completed
176,8,21,2023-04-02 00:00:00,M2-Pro-32GB,29089,,,48e8f2b3917f2c4dbaa539d81f8fe795077c7660,Timeout
177,8,5,2021-06-11 00:00:00,M2-Pro-32GB,18900,40904.984,38525.82,131b22fce7a448fecae298548b7cf0f30ff4d1e1,Completed
178,8,7,2021-05-13 00:00:00,M2-Pro-32GB,27294,,,d707b5255d2bafc4070feeeff4cc33d51b7644d6,OOM
179,8,13,2022-02-06 00:00:00,A100-40GB,30443,,,90b9e66c5d16826057e6b281e4cc12cbb81aead5,OOM
180,8,15,2021-03-05 00:00:00,TPU-v3,49490,27619.606,12320.24,f8354cdcd37a31488d1f0feb030220b1beb425f4,Completed
181,8,22,2021-10-29 00:00:00,RTX-4090,37297,,,22b515b18304c0b7e7e52da6738f31a93caf49fa,OOM
182,8,7,2021-05-17 00:00:00,RTX-4090,9423,43754.159,40826.13,7efa22c3e9f338a453c8cffa3a94b33a51e5972f,Completed
183,8,10,2022-03-25 00:00:00,V100-32GB,17330,32983.614,28339.88,5b1cd7db620abb38f313372e19c67dde08343bd0,Completed
184,8,18,2022-11-18 00:00:00,RTX-4090,78477,64211.33,34189.77,71dc85161c5522cf057bd2ca295a3c65decbfa3c,Completed
185,8,20,2022-11-13 00:00:00,V100-32GB,11562,26190.792,10434.19,d4af672a408d6363e222a5be59c9f187cdae4d0a,Completed
186,8,8,2022-03-19 00:00:00,M2-Pro-32GB,91160,46782.546,2927.97,486053d5c7c087af69dda4679ad760f1d35057da,Completed
187,8,15,2022-10-14 00:00:00,V100-32GB,30614,20633.817,32898.04,a66a43d2b55bcfc4a30812d9065fa1fd2538654d,Completed
188,9,10,2023-11-30 00:00:00,A100-40GB,7530,30948.275,39129.35,67e0f9ce885d5f4a4687da032f2b1f5a0ffa52ba,Completed
189,9,16,2022-08-03 00:00:00,RTX-4090,69375,41104.917,25766.38,dda6ee3c98b943cc03b6ef5dcfbb923e3ae9b7b5,Completed
190,9,23,2022-03-08 00:00:00,M2-Pro-32GB,8867,9717.034,38646.23,e4feda553c9eab56ac0d30a5951b36a0ff4787c0,Completed
191,9,24,2022-05-01 00:00:00,M2-Pro-32GB,94358,52006.925,3278.65,6be66c1942a100656ad538170f4c3ec126cfb581,Completed
192,9,1,2021-07-29 00:00:00,CPU-only-64GB,61774,24408.872,10265.45,3125da555a2c21620afcf30a031a085b5fe862d7,Completed
193,9,6,2021-02-09 00:00:00,V100-32GB,44502,,,56fdf5878740e68a02596e8d4640313027a5f306,OOM
194,9,24,2022-06-18 00:00:00,TPU-v3,62744,41839.577,2220.97,9528ad0a8da8de80cb145a209ba543c9e29bfd4d,Completed
195,9,5,2021-08-28 00:00:00,V100-32GB,918,62397.347,15704.9,a8ecc4cbd143d970ff8155a8402daffdd00129ef,Completed
196,9,24,2021-12-20 00:00:00,CPU-only-64GB,51387,9632.662,23083.58,60e0caf8194c271bcac787f49abfd20613954cdd,Completed
197,9,16,2022-08-22 00:00:00,M2-Pro-32GB,92821,3043.211,16047.13,6d3623bef1e1654cf9cab85c9e36354863c0d1d2,Completed
198,9,5,2022-07-29 00:00:00,RTX-4090,73479,13258.255,39889.75,625c1accdfffc4b2040747799de532288b8d971f,Completed
199,9,6,2023-05-16 00:00:00,A100-40GB,81982,53151.194,24318.13,f408fbabd6c15dcd0f99948b9a090361fb6eaacc,Completed
200,9,5,2021-07-29 00:00:00,A100-40GB,70795,17837.9,3765.47,45f2e1970d0914df3d42684078e963f14bfb09b7,Completed
201,9,20,2023-06-27 00:00:00,A100-40GB,33704,,,0cd3fae1a371fe64f4548654efe29492f2532060,Timeout
202,9,18,2023-07-20 00:00:00,V100-32GB,40525,51239.887,20685.51,f248dbfd700ce6c553b31ac4f82158e274501c4b,Completed
203,9,22,2023-01-16 00:00:00,M2-Pro-32GB,81110,58762.799,10854.45,83a555abac82c113c6a108f62e1688b3693fdd56,Completed
204,9,14,2022-02-09 00:00:00,M2-Pro-32GB,92078,,,9458e1958e24ccde560c13071cb83f386e0dbf55,OOM
205,9,23,2023-07-16 00:00:00,CPU-only-64GB,30713,47337.62,12193.64,3a66300f46ad6b6706565c2cc29475ab27d86205,Completed
206,9,11,2024-01-30 00:00:00,TPU-v3,35060,51306.851,27823.2,bb9ae5ae67d58b56743da0a9c5e2e850ff8f6c0f,Completed
207,9,19,2021-04-14 00:00:00,RTX-4090,55221,44905.111,24979.11,d25d1ccfd0b705221eea2b951a8bc87c7dda0b92,Completed
208,9,8,2021-02-22 00:00:00,TPU-v3,34035,,,dd70d1088c0f1b10bdeb23168dc14ae0544c6a49,OOM
209,9,12,2023-09-21 00:00:00,A100-40GB,44678,40803.092,18611.89,79fc57a2beb80ebd29f21ae787d12cbc5455c5cb,Completed
210,9,13,2023-02-14 00:00:00,V100-32GB,30754,50173.978,7585.24,2bdc6cd03e86bb6987f7a5853ac4c353541c80e7,Completed
211,9,20,2021-04-25 00:00:00,M2-Pro-32GB,63479,19245.473,39128.2,cd5dc859eea9aee5115d26bb9ee77837cada5b58,Completed
212,9,3,2023-07-02 00:00:00,A100-40GB,74559,13418.338,26905.11,446f833b68b7dcd271ba42540751ee3e24e06626,Completed
213,10,21,2023-07-27 00:00:00,RTX-4090,44668,70126.993,26722.98,64fd246f3ffb7fb643ec2ac7ee2cca800a2e2653,Completed
214,10,15,2021-10-18 00:00:00,CPU-only-64GB,14179,8170.489,28305.1,fd40a68c89b4a0efde27ebb418dcfe8a9ac8a9a5,Completed
215,10,23,2023-06-14 00:00:00,A100-40GB,47997,14114.213,12352.66,90c2494f84ee3f442335a02d70829d6fc18e80e2,Completed
216,10,9,2024-04-14 00:00:00,CPU-only-64GB,91296,27375.013,18715.74,1d135b4ab224b1a59a09859ef3a49785dde445d2,Completed
217,10,21,2021-01-24 00:00:00,A100-40GB,69320,53343.869,7816.1,746ce186b93b6b96e4a97bc0e90a2c35992e3987,Completed
218,10,12,2021-10-27 00:00:00,A100-40GB,52565,36102.427,14250.64,c45d0798f31d8f27db37c49d1ec4fd08b3b00f25,Completed
219,10,14,2021-11-05 00:00:00,A100-40GB,72442,12070.126,1242.17,4234af84a3e83ca6759ab3d8976624dabb88a4e0,Completed
220,10,21,2024-03-30 00:00:00,A100-40GB,30560,35855.123,37757.36,a077307dac39576f0ab25a95d406808e9bc5454e,Completed
221,10,21,2023-11-27 00:00:00,M2-Pro-32GB,59310,,,1bc83a8c4aa15380917d2c248984c01658307201,Timeout
222,10,14,2022-07-12 00:00:00,M2-Pro-32GB,77295,20447.322,19356.16,2371f1699d72cbe72995af90d31c0debaf0a584a,Completed
223,10,14,2021-06-21 00:00:00,V100-32GB,97561,23534.482,20581.86,9e759a438f58fa831ec7c626a78ce1e07ef55994,Completed
224,10,9,2022-05-25 00:00:00,CPU-only-64GB,21530,70482.085,13025.81,492b9a9b1ca27a4feff9cdae9c420457b642193d,Completed
225,10,13,2023-05-16 00:00:00,CPU-only-64GB,33875,15946.206,30403.8,d6feb71e674ddfcf62222b12477a15202ce9b6c3,Completed
226,10,16,2022-05-01 00:00:00,CPU-only-64GB,9974,30446.765,35096.47,dcf5058cd0a5c1ce7c60dcb9878f41e6e0817253,Completed
227,10,22,2021-02-27 00:00:00,TPU-v3,51469,61708.127,26477.45,fd7563507941497559b34d51d8fe2a864eebae39,Completed
228,10,12,2021-12-14 00:00:00,M2-Pro-32GB,55344,70322.783,12658.52,e92a29202d079091e004d69b88e67863a8a4a0ef,Completed
229,10,9,2022-11-01 00:00:00,A100-40GB,18518,37386.958,39651.89,b434475594dbbcafb62dbdaf01014526e565132e,Completed
230,10,15,2021-08-13 00:00:00,CPU-only-64GB,91961,,,5edbd4fd2614aa8784d548e22c0e033e9115179b,OOM
231,10,16,2023-10-10 00:00:00,RTX-4090,82753,19270.141,31580.91,18047b038b0046cc16cd6b53bdb103846d2d2abd,Completed
232,10,21,2023-03-01 00:00:00,M2-Pro-32GB,46187,59631.24,24822.07,ccb87193be9fe6d646ad21f746dc9fcea697979a,Completed
233,10,21,2023-01-30 00:00:00,V100-32GB,93428,,,15b4ba21fb48cb710f97e6ce33f03ecd98258fd1,Timeout
234,10,14,2021-01-18 00:00:00,V100-32GB,45566,,,01487cbe6ef0c395a289b3901729e8de8549d076,Timeout
235,10,15,2022-02-08 00:00:00,V100-32GB,7862,13360.201,39809.57,989e1f10e6c568987880063a05297f22e101aedf,Completed
236,10,4,2022-08-22 00:00:00,CPU-only-64GB,7687,,,13b5f69ec43d5e39d2c8179fc095738c7a3ddfa4,Timeout
237,10,24,2021-02-15 00:00:00,V100-32GB,902,,,b05cbf410a939b719b61ddeffc8804f022f9ee5e,OOM
238,10,20,2022-06-12 00:00:00,V100-32GB,44093,5173.052,35831.07,8a8c285edd40a051a45f2889e6e053ffc6cfdc9c,Completed
239,10,2,2022-08-18 00:00:00,RTX-4090,26913,65951.328,16997.6,1cb88dfae861bbb48e4b9baa78ab8826e3b56976,Completed
240,11,16,2021-12-02 00:00:00,M2-Pro-32GB,83399,18416.284,35084.84,99cc998fa67a2440175eb095a38f4e3f90723421,Completed
241,11,17,2023-08-22 00:00:00,M2-Pro-32GB,27918,16932.746,31392.22,cde2e7ce2a6aba30fba88103d0d0636119552e02,Completed
242,11,10,2022-07-27 00:00:00,A100-40GB,82406,37495.709,18284.27,d1709c411c55952c270339d8c21b86c0e2c9704d,Completed
243,11,4,2021-12-31 00:00:00,CPU-only-64GB,32272,64303.922,34861.56,e5dc93cee3c4d2507bf4a788dbfe489b83f7c6f9,Completed
244,11,25,2022-12-27 00:00:00,A100-40GB,22595,70376.792,40588.93,71882dda95e0e87f929c10146abd06608e4feddd,Completed
245,11,5,2024-01-25 00:00:00,V100-32GB,24874,22124.643,12659.15,b0efe03affc092f05e520016d194d0079a4c1a33,Completed
246,11,4,2021-01-24 00:00:00,M2-Pro-32GB,59475,24344.412,21400.07,cfcdb933af5b50f871102b422fedd38bb9cc0b7a,Completed
247,11,14,2021-08-10 00:00:00,V100-32GB,79894,16630.264,26008.53,eef4482e4e5c596180ced39dafccd03de6380a9e,Completed
248,11,8,2021-05-03 00:00:00,A100-40GB,71249,18863.737,14536.25,f7fb786f02be30ae88285eefa510539cbe1cd7fc,Completed
249,11,4,2021-11-18 00:00:00,A100-40GB,380,30941.839,8076.71,b97055575734c3d0338bbefaf25f06df0aa55d3b,Completed
250,11,11,2023-02-07 00:00:00,RTX-4090,75246,567.147,12698.78,1dc354ab0f9a4f6d22e6e2a551583c83b75240f4,Completed
251,11,2,2021-03-10 00:00:00,M2-Pro-32GB,31084,26206.24,39154.17,81ea5faadf6aaff0ba3ceff112e2deb3abb4e7ad,Completed
252,11,25,2024-04-24 00:00:00,CPU-only-64GB,83251,19669.344,9129.18,3d5a00c3f907487707475822822723a56fca5fc3,Completed
253,11,17,2023-12-08 00:00:00,M2-Pro-32GB,6926,,,e21f0b1595148fcf06f7d364fffb4fdcc1e2971a,Timeout
254,11,8,2021-11-19 00:00:00,M2-Pro-32GB,96198,5721.052,6317.87,61af242f5523164896bd96176806a2f681b3b5ef,Completed
255,11,5,2021-05-13 00:00:00,V100-32GB,14974,2464.125,16769.02,0c9b5247d5a0598ab4212111d66c34a558420da4,Completed
256,11,16,2021-05-14 00:00:00,RTX-4090,99738,61147.942,37749.7,00741f1a6fb7b9a86ae0c2229cbefd5ae1ff99b4,Completed
257,11,13,2022-09-27 00:00:00,CPU-only-64GB,68164,,,8a3eb7c3cc68de08fe7677a5eda952898650cc75,OOM
258,11,1,2023-04-11 00:00:00,CPU-only-64GB,28263,44560.085,38880.4,00649ad15294c3c57568530781c37b605671455c,Completed
259,11,10,2022-12-12 00:00:00,M2-Pro-32GB,71276,38749.126,3464.22,4cf2a62af05243c7915193bfc973c66648f7da02,Completed
260,11,14,2023-03-26 00:00:00,TPU-v3,87174,19703.244,3468.28,08a53da66625965550b2479df5d689d5ff12ef79,Completed
261,11,19,2021-05-23 00:00:00,A100-40GB,34834,28087.527,19959.32,4560de7fc3c003e6746b68f17b4557b412004ca9,Completed
262,11,5,2023-07-17 00:00:00,CPU-only-64GB,10222,18322.104,31962.43,3f2a88a5ecf8e8b29d00c308782bb1c8adf1ab81,Completed
263,12,19,2021-10-15 00:00:00,RTX-4090,55787,29096.343,14312.66,88c7327ffe4900aba1fc8ab196fd01d852c00b13,Completed
264,12,23,2023-11-11 00:00:00,RTX-4090,68724,62424.197,6290.62,3dacb26763bf9f7cf661fe258da16c2d45660dea,Completed
265,12,13,2023-12-10 00:00:00,RTX-4090,2456,22148.804,3192.56,4f041898069fec4f8a4dededaeb245e2080cb4cf,Completed
266,12,20,2023-04-14 00:00:00,M2-Pro-32GB,94461,36878.066,29313.64,1e79a540f8b24ef39bb0c571f4b55c6c9bee0979,Completed
267,12,24,2021-10-14 00:00:00,M2-Pro-32GB,94080,64293.609,1995.69,2868476118081895ddf9ec39d465b892c9b1512c,Completed
268,12,15,2021-07-21 00:00:00,RTX-4090,17141,57423.612,21407.65,b4705314d163840097cbc7cf3bfcd3ed40b4e29e,Completed
269,12,15,2022-06-08 00:00:00,CPU-only-64GB,99038,,,9794b59581c418f5a0cb611d5e993f4a5eea9fe2,Timeout
270,12,7,2021-12-17 00:00:00,CPU-only-64GB,96286,26072.931,29536.99,67f7d36a52f0a6e2281a65142c397ada829c056a,Completed
271,12,21,2022-05-14 00:00:00,M2-Pro-32GB,10954,,,456692f7e69991d1346fb320881c2b604d8837cf,OOM
272,12,20,2022-04-24 00:00:00,RTX-4090,34189,31282.001,10926.55,c83cf2ab9b6c11d876339475d0d63960fbfba7b2,Completed
273,12,8,2022-05-20 00:00:00,M2-Pro-32GB,93372,31285.83,31292.36,684383ad7d912d6f961d5d39293203a269ff93b2,Completed
274,12,15,2023-12-25 00:00:00,V100-32GB,31931,23802.019,3407.56,632bb6a15a092fcfa2c9aff426de394a5a99aaef,Completed
275,12,2,2024-04-25 00:00:00,A100-40GB,35127,59071.427,17187.71,172acd80f036809cfb1f1a1d48c8e047180f2e6d,Completed
276,12,22,2021-10-24 00:00:00,CPU-only-64GB,8870,55051.568,36092.84,d3b7002ccd2d612c88aea7c6ca4daa844346a306,Completed
277,12,11,2021-01-28 00:00:00,A100-40GB,13307,19579.824,29137.38,d52a1a454a6a2c15222720b8503be91ea6067ccd,Completed
278,12,16,2023-06-08 00:00:00,M2-Pro-32GB,7808,13666.096,8996.08,16eb8d2c7df677a0052fd68c42861b09b2706e17,Completed
279,12,18,2022-12-14 00:00:00,V100-32GB,91552,5547.287,29676.51,f706143f25007c141de79a446b697a908176bece,Completed
280,12,25,2021-07-15 00:00:00,TPU-v3,87083,10193.488,13822.82,a17776adaed2355dffa70ce3c3f0e36a0bbcb801,Completed
281,12,10,2024-03-02 00:00:00,A100-40GB,76371,58893.101,7217.85,66cf9f90c64874ab30664c7df83b77ce1e58fefb,Completed
282,12,18,2022-01-01 00:00:00,RTX-4090,14300,28922.186,34517.42,2113188175dd2c9e64c66b6bd4312e47d7651097,Completed
283,12,21,2021-09-23 00:00:00,M2-Pro-32GB,57228,44733.664,16916.97,4e36f68ca2ad840beaa94a2cac9d08f86d79d015,Completed
284,12,15,2021-04-05 00:00:00,RTX-4090,17410,50471.966,17254.28,d68fbb7ff780b66ef436a0aa54cae666587ef71f,Completed
285,12,25,2023-12-13 00:00:00,A100-40GB,87328,25283.063,38142.33,db4633b6a5c63a7f2f79a17c2c49a0c74e541eb6,Completed
286,12,9,2022-05-09 00:00:00,CPU-only-64GB,60985,25017.33,35207.73,ed74d546725370e18df7317f6bcc09ddd44fcef9,Completed
287,12,3,2024-01-04 00:00:00,V100-32GB,46016,11740.033,1681.5,064a59d6695f4726d3d34ea8849a0047ede046b5,Completed
288,13,25,2023-02-18 00:00:00,TPU-v3,1179,16815.475,18088.28,0f766df09398cc3a320a51f5c93d6192dc0b42b1,Completed
289,13,8,2022-07-27 00:00:00,V100-32GB,63607,,,7f357edfd4ac3df357f99e0439cae83db4868622,Timeout
290,13,5,2023-01-15 00:00:00,V100-32GB,47911,70597.574,1488.8,c3ba850cd86c5c10aafd2fabc2b1a0559b800f2f,Completed
291,13,6,2023-07-03 00:00:00,TPU-v3,81615,32583.567,9577.21,f8eb2100eaa3c79b4101e5b1fc079617713468be,Completed
292,13,16,2023-08-15 00:00:00,RTX-4090,20484,50338.706,32999.09,5bad24fd42848b1723fcde1038984843b738f915,Completed
293,13,6,2022-02-03 00:00:00,TPU-v3,45886,10572.591,11393.13,524876568e1eb430c7d5279f636f2a4b076e07a2,Completed
294,13,8,2024-05-07 00:00:00,V100-32GB,53687,45839.504,18532.03,7027888ac5f23da7bfc2d8e0586fbb57ee783497,Completed
295,13,15,2023-10-24 00:00:00,CPU-only-64GB,68149,48464.677,22859.52,67481ba510714114440a611891ca1b838e3d32ac,Completed
296,13,12,2023-11-25 00:00:00,TPU-v3,23283,1475.422,14550.94,1f181df9aa574a5b0350fb31c00ec88ceb00361b,Completed
297,13,3,2023-11-25 00:00:00,TPU-v3,33406,67740.033,11523.24,b1488182385a7966efe50e5bcf1eaae6d29751be,Completed
298,13,7,2023-08-10 00:00:00,TPU-v3,14540,36117.398,6594.54,0af933d4ddc13ed24935c99db1839b92161cb866,Completed
299,13,25,2023-05-26 00:00:00,V100-32GB,24972,52351.427,8812.5,8ac08d645a085d5a15d1284ec829da2c67517158,Completed
300,13,19,2022-11-29 00:00:00,TPU-v3,62073,44393.176,21543.67,461f307903babb5556a486618085d379c7288502,Completed
301,13,9,2022-06-08 00:00:00,A100-40GB,8489,10104.918,17170.81,43d47e39aa17212bddaa74c298f5000544fe9560,Completed
302,13,13,2021-01-23 00:00:00,RTX-4090,56878,50214.323,32660.33,c58c7d662f2407478d7232c23d64e815e10ba75d,Completed
303,13,18,2021-04-09 00:00:00,RTX-4090,52776,38935.267,8946.62,a4e8d34d4b192df4c0df4ded4b27b286a6c39e85,Completed
304,13,16,2023-07-02 00:00:00,TPU-v3,16164,5628.752,30545.39,1e7bc9e5cc60477e30ae2ac9c765f691b8256945,Completed
305,13,25,2021-04-11 00:00:00,M2-Pro-32GB,20331,22888.511,31742.96,25919e481d92d8c06ea208a39cd830ecab3c5c08,Completed
306,13,6,2021-08-19 00:00:00,RTX-4090,25381,19445.358,7463.65,c1822ed38e8db8cf1e95f8277cc0090826bf638c,Completed
307,13,12,2022-07-10 00:00:00,RTX-4090,87183,51845.673,29083.37,37c44b3fd97116b55fa22f6cc1f5a07e48669b5e,Completed
308,13,8,2024-03-21 00:00:00,V100-32GB,98214,46307.338,8120.48,5b63f33de0a7865438dfd6840af6d3fb818fc9fe,Completed
309,13,9,2022-07-10 00:00:00,RTX-4090,74237,11369.033,33792.92,739324390f9dade245f6cedf6565afaf5e02f878,Completed
310,13,19,2023-05-26 00:00:00,M2-Pro-32GB,35075,4480.257,23884.88,179db030af5dcc52740c51ea125834550eb52703,Completed
311,13,15,2021-09-04 00:00:00,V100-32GB,70706,50809.336,38911.22,879eb4aeb0450e54c4f36e05163564d5ca18fbdd,Completed
312,13,8,2022-06-08 00:00:00,M2-Pro-32GB,46732,3490.78,15661.79,2734031d3ba6a3ff0e8d6e7ebc178703b17db2a8,Completed
313,13,7,2024-05-23 00:00:00,TPU-v3,64474,64574.382,13739.38,a29beee976ea3c88bed0ca02f0a63b1e62ba85f6,Completed
314,13,13,2022-04-05 00:00:00,A100-40GB,75491,65459.352,23690.36,78c25aeee29c678b09fed58a1f00dad7c0bb5815,Completed
315,14,11,2023-07-18 00:00:00,A100-40GB,91683,67713.459,19332.77,e5e6c1bde01cdb1cf90e50f75fae8537fb799278,Completed
316,14,20,2022-11-06 00:00:00,RTX-4090,43501,49243.394,33817.97,f7d9d46ae21c08d731b1565df25d6098463a8fe4,Completed
317,14,16,2024-05-02 00:00:00,TPU-v3,53072,10263.199,21066.51,07654cc9e6a8a35f62324f03fd3d8ab1549570a0,Completed
318,14,16,2022-11-08 00:00:00,RTX-4090,6175,53455.001,18883.87,cc94ea9d188161ddba30be25b292e2602932ea05,Completed
319,14,3,2024-04-23 00:00:00,TPU-v3,3913,39041.817,8875.05,a55299486846ec87c743e0e4260e645bd30c0e07,Completed
320,14,24,2022-12-12 00:00:00,RTX-4090,91643,37294.389,19912.73,1b858da43d5d291b646773e35306e97526e8ddb2,Completed
321,14,18,2023-12-20 00:00:00,RTX-4090,81877,52977.926,9620.12,2dc100975923e28b127011b11c414c76ae794ff3,Completed
322,14,13,2022-10-11 00:00:00,RTX-4090,9636,70532.63,13943.93,723e3fbb761853f888cf4735955ef73a462563d6,Completed
323,14,8,2023-03-12 00:00:00,A100-40GB,32488,68538.413,31856.31,724dbd3730cabe0330dda2a2f6159beabd00c0c7,Completed
324,14,25,2022-05-13 00:00:00,V100-32GB,27057,,,4966a6df0ce191b9c891b1460a57b38d1e89c239,OOM
325,14,6,2021-02-01 00:00:00,M2-Pro-32GB,92820,,,bf04ef6cd29e889d1ca087883183b85140e65d36,Timeout
326,14,18,2023-09-17 00:00:00,TPU-v3,14260,65368.658,32083.41,e3b134a5e0e6d6e040ed96defba067f2a398af40,Completed
327,14,16,2023-05-04 00:00:00,TPU-v3,48161,48404.278,26809.7,fcd74b33532afe39785e83dba7f02f7fe9ec7eba,Completed
328,14,22,2021-05-03 00:00:00,M2-Pro-32GB,35479,31190.184,31541.5,0be23da9e22402039230b2dd517aa71f0c599c5e,Completed
329,14,16,2022-01-13 00:00:00,M2-Pro-32GB,5405,16049.207,12030.32,634c4811bdba1e36903b09813dccb856b4f9bb9e,Completed
330,14,16,2021-01-23 00:00:00,A100-40GB,98951,,,00f87cfbfd7c16b1ff9afbaa86a9d55089f807d2,OOM
331,14,25,2023-07-04 00:00:00,CPU-only-64GB,81111,38737.676,8782.66,203dcd50a1f8aeff7975cd7d51496aa5681ccb0d,Completed
332,14,3,2021-04-14 00:00:00,CPU-only-64GB,58610,16982.789,23630.65,51836d243609bbd671a8b35d169acdd248baa5c0,Completed
333,14,24,2023-03-14 00:00:00,V100-32GB,13671,18699.971,31831.39,f30b055eeb2f6a9c5994593d6d283ca4476ed695,Completed
334,14,24,2022-01-09 00:00:00,RTX-4090,51509,25694.737,40900.31,a2d86505b77d89147f106529feb89755b1743653,Completed
335,14,15,2024-02-11 00:00:00,M2-Pro-32GB,26590,60560.23,6941.7,1a413854527d0a3f23f433a4fb1b44f2e0643b78,Completed
336,14,25,2024-04-17 00:00:00,CPU-only-64GB,21348,9995.172,12007.39,048cc97a5363f585804d402a4ab663c934d80cf7,Completed
337,14,16,2021-09-28 00:00:00,M2-Pro-32GB,5120,53574.828,27970.51,17ed8beb4eae9c0b8cda058e36eec9042fced6aa,Completed
338,14,1,2023-03-04 00:00:00,CPU-only-64GB,59279,22145.847,23965.85,7571e0dc9aca3c397cc13d8092902a1d33d23a6e,Completed
339,14,16,2024-03-23 00:00:00,RTX-4090,42616,10709.672,15333.92,f91c6c7295b6a3b6a58cfa5314b77510c0e5aa40,Completed
340,14,18,2024-01-15 00:00:00,TPU-v3,95656,,,18b609b9fa5fb78fc2b33653a492fd3f5a4ed4de,Timeout
341,15,5,2023-08-02 00:00:00,A100-40GB,88117,46637.923,9128.93,ad0e1286a53fc342d4e4b71d68129b78b7e6586f,Completed
342,15,2,2024-05-23 00:00:00,V100-32GB,38854,30114.986,15871.6,fea551719bb983e25221a477747e022f055467d4,Completed
343,15,6,2022-01-12 00:00:00,RTX-4090,67656,19774.537,12272.1,3d4e48c7b4ac75c2ba46e4ca21aff7048e222116,Completed
344,15,1,2023-03-10 00:00:00,TPU-v3,38154,38682.647,1600.71,cc6830d3abfcdf9b2f9026018853a5e4e652a4d7,Completed
345,15,22,2021-04-19 00:00:00,TPU-v3,7241,,,3e4a73f88374914960b5b049f03709591c759149,Timeout
346,15,23,2023-01-15 00:00:00,M2-Pro-32GB,13019,,,0d322bdfb434e62180fcc427d9055242bd88c692,Timeout
347,15,1,2024-01-16 00:00:00,RTX-4090,81057,27556.526,1628.15,d43fc3e0ce3e975374d7c22b2971feb13a73a1cd,Completed
348,15,13,2024-01-02 00:00:00,RTX-4090,75996,47927.961,37036.96,6be96e8eed94469e0517a3a9ca4321e41b74ee50,Completed
349,15,23,2023-06-16 00:00:00,M2-Pro-32GB,10386,10982.979,18703.77,5b75771998a54592ca83c89740a0a6a50652479e,Completed
350,15,1,2022-12-25 00:00:00,A100-40GB,61873,58257.423,3859.02,7b85f8d7524e34d1149d8cdbcd683646d0a444cf,Completed
351,15,6,2022-02-22 00:00:00,CPU-only-64GB,15034,45607.057,10652.0,b23e5f09160fc54cf9a66c40e3585b854a753f1a,Completed
352,15,25,2021-01-06 00:00:00,V100-32GB,51152,25004.327,1758.37,dadb3e8970ae09ae489466b6a3617beb46f36377,Completed
353,15,13,2021-10-13 00:00:00,V100-32GB,82435,1731.732,33600.59,d3e22b74e357bd556d532145eb5c069404d617d9,Completed
354,15,4,2022-02-17 00:00:00,TPU-v3,37504,40833.443,38928.57,56353e95a8138341c20fc23104c02eb4ceda69a5,Completed
355,15,12,2024-04-03 00:00:00,TPU-v3,69009,42166.22,7144.27,98c84f834bfcc2daadd0df3f655bb81f851214cd,Completed
356,15,3,2021-06-27 00:00:00,TPU-v3,33323,1804.175,39807.01,27c3de247f5cb845056d99f11fb3fa7fc63a57fa,Completed
357,15,4,2021-08-14 00:00:00,RTX-4090,69687,622.965,22984.78,e89640e6ea8e9219a85c02756622726d9d20dfec,Completed
358,15,8,2023-01-29 00:00:00,RTX-4090,44506,,,3e0081e9776fb72d75579d17d00feb832abf6e08,OOM
359,15,5,2021-06-01 00:00:00,M2-Pro-32GB,22989,33311.841,26558.22,ba5e80a9043ff57c88550191091cecf75fc1a2c2,Completed
360,15,10,2023-09-04 00:00:00,V100-32GB,42082,31811.202,10376.57,931cc0871570979c3490986de79d386588ebf0aa,Completed
361,15,10,2024-05-28 00:00:00,M2-Pro-32GB,93161,23358.316,33363.74,363ed4c5e5cf414ab5f8db0085a0b30de4e179c3,Completed
362,15,14,2021-11-25 00:00:00,V100-32GB,64820,3765.358,20228.78,9a57b1b6d4d222916808f5638010da9c199241ed,Completed
363,15,10,2023-09-20 00:00:00,CPU-only-64GB,32977,,,2422c9e5abbff11fdd47a584dd08005f0289f8f3,Timeout
364,15,25,2023-05-18 00:00:00,TPU-v3,56240,30594.66,31045.18,93a5dba355b6c05b8a2899bb0e0d7516e895a6f0,Completed
365,15,8,2021-11-13 00:00:00,TPU-v3,7715,17691.879,9074.47,b40f26a44e3337f5ea7ee256d6f20e84b95ebe28,Completed
366,16,19,2022-10-15 00:00:00,RTX-4090,18459,16267.993,25659.91,aed2e761cc5568fe037cc28b5486e0b77991b76f,Completed
367,16,1,2024-02-26 00:00:00,CPU-only-64GB,45862,15459.13,27729.8,226836a773814a80a3a26433917b662f8124ff89,Completed
368,16,7,2023-12-17 00:00:00,M2-Pro-32GB,38256,65292.855,11349.64,e48b8da1a5c82b97a71349197f1e24c06c01d7dc,Completed
369,16,14,2021-07-20 00:00:00,TPU-v3,275,44664.64,8019.32,c3e1b2c5bc947b968549e42687786801c69972c3,Completed
370,16,25,2023-11-08 00:00:00,V100-32GB,39798,66829.645,33667.62,b8882c84eceb1f26e7a647503cd26f5f2027e429,Completed
371,16,12,2021-06-26 00:00:00,V100-32GB,50411,15568.818,7825.39,6b53cddd4057c4313d1aad5ebe898c78c1eee3d3,Completed
372,16,17,2022-05-17 00:00:00,M2-Pro-32GB,10427,42596.206,38567.31,d40ddf4b84f456a33035c8a1a688f21366f63764,Completed
373,16,3,2022-03-07 00:00:00,M2-Pro-32GB,71874,,,4d962db16f2a66ff1b1b86c6b095c67d123961be,OOM
374,16,18,2022-05-29 00:00:00,V100-32GB,42675,2291.774,1467.94,a818c7264751369934daddf5bc7e05ecdd46f745,Completed
375,16,22,2024-03-03 00:00:00,CPU-only-64GB,8302,63554.929,25035.44,681ae84e467d60abb46398e8a82b28371cef40f1,Completed
376,16,6,2023-09-12 00:00:00,CPU-only-64GB,85401,68557.768,5781.87,ee3a9b11a16a30bfb9db5ccda7fa182d43901432,Completed
377,16,23,2021-09-30 00:00:00,M2-Pro-32GB,2044,7741.212,11484.43,e65b44678e62ba6be42a310e2447d4af4a826a9b,Completed
378,16,8,2023-01-11 00:00:00,A100-40GB,5027,,,8717c55a04d9ac4252557c2a4dda0aa20422cd6a,Timeout
379,16,6,2023-12-22 00:00:00,TPU-v3,25649,379.875,38928.9,e959d5fee411ba9e4df73252135bee36b16fd8f5,Completed
380,16,9,2021-09-16 00:00:00,V100-32GB,11254,43223.427,20052.98,1bd55578582ceb56ec39a4ef477c44c235a862ee,Completed
381,16,1,2023-07-21 00:00:00,A100-40GB,84257,42039.095,11910.41,918d6afe99dba1e3054a0ad3e828b7d1b6119d11,Completed
382,16,9,2021-09-02 00:00:00,M2-Pro-32GB,31434,64238.669,1685.13,b51adda7057e0d5142df45b9d220fd009214d502,Completed
383,16,19,2021-09-06 00:00:00,TPU-v3,19296,67067.986,31517.53,84cb2a8375c6ce5e3391997b97c6c724b78c939c,Completed
384,16,8,2021-09-26 00:00:00,TPU-v3,14986,25495.387,29360.68,a171eb10021b0b83cd28319b58f0ca3460df474c,Completed
385,16,12,2022-12-14 00:00:00,V100-32GB,87438,13447.355,32641.07,0bfcaea4cd889cf6a57640652814fdbdcef777ac,Completed
386,17,3,2022-11-23 00:00:00,CPU-only-64GB,48698,15821.535,23781.91,afab4f17ef9b54ba5f790c5ef66514d49ff92da0,Completed
387,17,24,2021-08-17 00:00:00,V100-32GB,75560,8042.327,7410.66,cfc9b84412d5426eabf47582ee8b57d2756821f4,Completed
388,17,12,2022-05-27 00:00:00,A100-40GB,39699,9651.895,10508.78,99e415346267f7d3845384d9b73d608682f1085d,Completed
389,17,21,2022-03-20 00:00:00,M2-Pro-32GB,20544,24225.489,26061.95,d5a838cc21fcecdccef04f733c4f969977d7f023,Completed
390,17,18,2022-08-01 00:00:00,V100-32GB,56296,40879.507,40041.97,ca86fd90509e60ffee06ad111e96e37bf6f9dc8d,Completed
391,17,8,2021-01-02 00:00:00,TPU-v3,25694,8510.16,12166.31,e59e01ecb8ac5784b11a60493757a8a3d1cffe19,Completed
392,17,12,2022-05-07 00:00:00,CPU-only-64GB,43313,21914.621,34605.4,39732b14380edd5e8d7b3ca6d07af2392c9fce41,Completed
393,17,15,2023-08-20 00:00:00,V100-32GB,34634,48551.733,37715.57,88f33b1cf35532177e90e13b1bf6152b6bcf7f13,Completed
394,17,25,2021-11-10 00:00:00,RTX-4090,61854,15161.23,7200.41,6355cb4e15548e2d4f43edad3c9fa29222f2c08c,Completed
395,17,25,2022-08-05 00:00:00,A100-40GB,69175,66272.769,4794.38,12838dd85b5b13253781debb255fa65e5851e9cb,Completed
396,17,21,2022-12-31 00:00:00,A100-40GB,98396,14503.884,27186.44,da1b1ed031ded6eca14d062baf6c421909539b26,Completed
397,17,10,2022-05-01 00:00:00,M2-Pro-32GB,42384,67954.469,7383.29,0f4026db5597d643f7a550540168dc6be6760435,Completed
398,17,8,2021-01-17 00:00:00,V100-32GB,75646,,,21ed1d6a869948e7ee180828266d947c79004689,OOM
399,17,6,2023-08-22 00:00:00,TPU-v3,64248,9557.193,848.82,8a387e284307c594dfbaea6a11dd8cba7aadb98b,Completed
400,17,3,2021-07-24 00:00:00,CPU-only-64GB,95172,59779.67,1654.69,f35a8c6b22f9fae52b69663dc6aeb1f85207f488,Completed
401,17,7,2024-05-12 00:00:00,CPU-only-64GB,88017,27334.354,18381.03,b0a329d317b3105f0337dbcffcfda5ac3f29dc0e,Completed
402,17,22,2023-03-07 00:00:00,CPU-only-64GB,16538,,,8d3ec3d145a1ee6f279f0d813b2d7c33449e842f,Timeout
403,17,21,2022-03-09 00:00:00,A100-40GB,6879,45402.694,33279.12,a0a179215666ac00888ea388545d00ae2271aaf3,Completed
404,17,8,2021-06-10 00:00:00,RTX-4090,68746,69668.645,17254.84,e518f5626114670ff9e17bedba14d6dd1d75fc07,Completed
405,17,6,2023-04-03 00:00:00,CPU-only-64GB,74206,63736.94,32116.21,d371483c3dd1dbe682b7ec045c06d2543b527ddf,Completed
406,17,24,2021-08-09 00:00:00,TPU-v3,38679,21704.961,38902.24,31014037368f26f8ccec9a78adc4d602c958c35e,Completed
407,17,2,2022-09-14 00:00:00,M2-Pro-32GB,63256,42946.706,28251.3,b3a26dfa5f7a548d82623649f013af943f2dfaf6,Completed
408,17,6,2022-03-19 00:00:00,RTX-4090,69445,64446.359,25736.37,4291ef32398a3fcce2616478a0da2025e7962d9b,Completed
409,17,24,2021-05-22 00:00:00,CPU-only-64GB,83826,21745.612,27625.65,481dc507b04f2d157f98c600a8c88277e10221a2,Completed
410,17,9,2023-01-19 00:00:00,V100-32GB,41925,11246.0,21423.2,1942d5f69eb3da35c087e15a7153436e4194e829,Completed
411,17,18,2023-03-03 00:00:00,V100-32GB,52517,39322.281,8966.52,ee7325e9bc43222972877374fe40f0ebef36623b,Completed
412,18,21,2022-10-31 00:00:00,CPU-only-64GB,594,35723.053,556.75,2d793b6ca56adb53b595f00be857b3ceb093a4ee,Completed
413,18,19,2024-05-30 00:00:00,TPU-v3,70664,6330.79,19504.22,4b18df60a3419c83f3451bcc529043a8310a2ee6,Completed
414,18,17,2022-12-09 00:00:00,M2-Pro-32GB,84765,49777.098,15555.58,760c3f90df8003e38e55dc69a2db228d68c13b47,Completed
415,18,2,2023-03-17 00:00:00,A100-40GB,374,17759.392,17424.75,693a46d4ca9b8ea4c5e39843ca43f7da7b5d27e6,Completed
416,18,8,2021-10-04 00:00:00,RTX-4090,31883,43818.291,9417.74,ef49c64f855585f09bb059863b0e7ce4a6f52a8d,Completed
417,18,6,2022-02-06 00:00:00,CPU-only-64GB,55112,21751.589,18243.25,a05fe78b1b5aa0494cc26ac016074e7013d77ab1,Completed
418,18,15,2024-03-19 00:00:00,A100-40GB,41643,52091.667,37005.78,07c1d6443bc28b91ef986590b9e43214adf78802,Completed
419,18,11,2023-09-06 00:00:00,M2-Pro-32GB,90890,27988.097,18269.03,0fcd349a209c34f07f2bcb2d845341cfd3a81969,Completed
420,18,23,2021-05-12 00:00:00,CPU-only-64GB,59873,22693.739,8915.64,6fe9d00363419fd880e1bb9acb781e88e86ad752,Completed
421,18,5,2021-01-07 00:00:00,CPU-only-64GB,33302,,,0a3cd707e938ea09e580469eaebff0476e0eab79,Timeout
422,18,22,2023-04-09 00:00:00,V100-32GB,9168,38049.91,1690.48,58e8159e4d5fbfef4edf29f9ec0b09d3c3e87cdb,Completed
423,18,17,2021-01-02 00:00:00,V100-32GB,16821,38129.519,5868.76,d7757e349075ff4e4f00e6eb295ed021d8538026,Completed
424,18,11,2023-07-25 00:00:00,TPU-v3,62249,,,a8efd805a3972ebd00c47015f2abbf66ac2f60ed,OOM
425,18,15,2022-02-14 00:00:00,TPU-v3,83616,,,906ed195a8ef7cfce8e63ae1a9bf0f0fbb451e8c,Timeout
426,18,14,2024-03-18 00:00:00,RTX-4090,35932,59430.945,20683.51,06db7117d72e9d5f2e7cf880b1314532a13ca729,Completed
427,18,8,2021-11-18 00:00:00,M2-Pro-32GB,87853,6463.963,3468.43,4b352fb033fc2681d587029e5dff6e26e717b905,Completed
428,18,11,2023-11-10 00:00:00,CPU-only-64GB,95,37573.915,15915.89,a1ffafe92df196832c6d5ff124a14cd5112068df,Completed
429,18,7,2023-10-24 00:00:00,TPU-v3,77629,33837.371,23735.02,ebe35b50e3be6dd9bc0695a4aa5f0d4dff9e9976,Completed
430,18,25,2021-03-01 00:00:00,CPU-only-64GB,13393,25645.223,23308.46,d38c5c7a4d831be1a59cfd23c22f1506e7a868d7,Completed
431,18,23,2023-04-07 00:00:00,A100-40GB,6925,47117.136,8238.84,a91ab8878e885328ed4f8f6b7915cdcdb7fbcc2b,Completed
432,18,13,2023-01-21 00:00:00,V100-32GB,37876,40437.196,39843.69,0dd54cd95f776fc3883bb271df9e2481d8543535,Completed
433,18,24,2023-06-11 00:00:00,M2-Pro-32GB,24910,38046.976,39106.9,91aa23d456f669460f9935c75f094f65d7680328,Completed
434,18,23,2024-02-06 00:00:00,A100-40GB,8009,10281.83,37515.95,135343935b6a71317dfbba9addceb9424e2de091,Completed
435,18,19,2023-09-15 00:00:00,RTX-4090,67552,45648.291,30298.48,9589fce0b4ef3329ec78f65acd3c5798c831dad1,Completed
436,18,19,2021-07-30 00:00:00,RTX-4090,46892,,,b9ddfdb69ed204b2b962e45e8353e4539a8e7236,OOM
437,18,6,2024-05-13 00:00:00,CPU-only-64GB,38123,62719.749,6519.2,34b93b3b8511da819f473f76764b540efba79274,Completed
438,18,8,2022-01-02 00:00:00,A100-40GB,11914,69692.249,15273.65,ed960a84c838e7f8086396a6317d5b2ff66bbc45,Completed
439,18,3,2022-06-18 00:00:00,M2-Pro-32GB,2671,,,2aa8bb9eeb7f30605f8d2592bdac9804a4a0a5c6,OOM
440,18,7,2023-10-15 00:00:00,TPU-v3,85141,62288.327,35904.66,afaa6477118f122aa4f94e644bd2d509206b68d5,Completed
441,19,21,2024-04-22 00:00:00,M2-Pro-32GB,80184,47367.437,11410.41,2c8332c8daaa6d3500d75527710aa65cfc0b6295,Completed
442,19,17,2023-07-11 00:00:00,V100-32GB,85448,,,fc47886bf4de9afcd1e6fc2af3105d26dec8b0e6,OOM
443,19,5,2022-06-28 00:00:00,CPU-only-64GB,50517,10145.598,24397.03,15a78850a503bfd3d1c7f80b8b3e0ddc0222199a,Completed
444,19,10,2024-04-06 00:00:00,A100-40GB,71802,,,ffc78571a1b699e9b5b7ed319a94a2d542fcf06b,OOM
445,19,8,2023-09-10 00:00:00,M2-Pro-32GB,62181,41505.962,32044.55,d02bf86902079915dbb6887ebca8cd8180c4fec7,Completed
446,19,5,2023-06-21 00:00:00,CPU-only-64GB,26037,44520.459,20072.93,c9b6da21cdfc3038de655d7d626ac16933553324,Completed
447,19,10,2023-11-22 00:00:00,M2-Pro-32GB,42472,38745.874,32016.85,9f255552c12e8321e8b1772881220a4cdfee169c,Completed
448,19,5,2023-03-11 00:00:00,M2-Pro-32GB,32854,25149.346,15220.99,574960ef52d836704a3f766c2c505cb6a322f5f2,Completed
449,19,4,2024-05-03 00:00:00,A100-40GB,90371,,,28af5451c78c74b2216d21a465a35fb7ad585fde,Timeout
450,19,17,2021-12-09 00:00:00,M2-Pro-32GB,79765,21998.541,21276.2,c5cae2438248c1c48cd60af7ac3e1c215f36fee3,Completed
451,19,22,2023-05-08 00:00:00,A100-40GB,58531,,,80c993493621b1e63737ceb746bc3a10f387d8da,OOM
452,19,10,2023-07-01 00:00:00,RTX-4090,33316,70602.675,16408.19,f0f9f6bd149c2d09a544fbe7e2eff501588243c0,Completed
453,19,13,2022-03-15 00:00:00,M2-Pro-32GB,47383,32467.011,7332.03,3a4b73417ca7136feb29864ac4671dcb3561ddd5,Completed
454,19,19,2022-12-01 00:00:00,M2-Pro-32GB,5542,36879.382,31121.33,a6c21f5d40db76bf14fd18cd3c2025a19e5db372,Completed
455,19,25,2023-02-03 00:00:00,V100-32GB,7217,12663.266,36441.23,3bd2b5b08130369830cfd93be1685bfb1d2e2752,Completed
456,19,14,2022-01-15 00:00:00,CPU-only-64GB,50544,14933.849,19601.36,5deb5d2ce5f718f995f0ccb1ad5cf66952e24d34,Completed
457,19,17,2022-03-28 00:00:00,CPU-only-64GB,36433,26611.102,871.0,8ef9343bc5ee1dfe018caa62aeb99331e1617fd1,Completed
458,19,2,2023-11-10 00:00:00,TPU-v3,94984,37929.333,4203.22,225f2cd334609fa1682ed27135894f363253ac07,Completed
459,19,5,2024-03-07 00:00:00,RTX-4090,22399,48656.829,6068.54,848de857033e91350a94e475fc94fcacb00325a0,Completed
460,19,23,2021-12-17 00:00:00,TPU-v3,6234,6313.911,35183.59,544d54b0ea3e97bcf4b5fc3988f1b5e10c0bad0e,Completed
461,19,14,2021-02-08 00:00:00,M2-Pro-32GB,97715,43150.73,2017.2,10b89a9f0deec0c9e769580b79c448ec761c4162,Completed
462,19,4,2022-04-01 00:00:00,V100-32GB,75392,20735.672,35892.0,9c4c927b1d2ff63d0a5b9fb41405be2eed5fa9eb,Completed
463,19,1,2023-11-07 00:00:00,CPU-only-64GB,25330,16793.723,23877.81,6430c2cc44620f38015d31d292dce5a251b76e18,Completed
464,19,25,2021-03-16 00:00:00,RTX-4090,91366,52122.714,22038.13,dec48cc55f0d6fc46d53edf5f5bf4e0e6f8581b5,Completed
465,19,22,2021-11-03 00:00:00,V100-32GB,17615,17389.88,3511.69,e01607201669f141dba2809a52a8b78bcf86107a,Completed
466,19,25,2022-07-03 00:00:00,V100-32GB,29241,39425.881,8336.58,4953dd62f463e5f8c7a3a164cae34e290bea6ba7,Completed
467,19,16,2022-05-13 00:00:00,CPU-only-64GB,11622,14107.268,37773.71,248f82a5df0fdb4fe6887457d2186787c34ede5d,Completed
468,20,24,2024-01-06 00:00:00,M2-Pro-32GB,45089,64411.464,8381.45,2be8c4b2a177e80a1427cd48d8fa1b0d28d7b466,Completed
469,20,13,2023-07-11 00:00:00,TPU-v3,41517,,,48dedbfe694987a6943c3ee2f33ba1688aa6e6b4,Timeout
470,20,8,2022-11-04 00:00:00,TPU-v3,96923,66075.154,10214.57,49a03c831ccf0e8cf2a810e24d641c653cb3eb5f,Completed
471,20,14,2022-02-06 00:00:00,RTX-4090,53852,51178.896,22012.63,036d2c959e98ae936c09bb59db3d5976f0b15e06,Completed
472,20,21,2024-03-16 00:00:00,TPU-v3,79885,35230.007,21037.26,4150079392afc6a8dbacc34d9a57f56b2801ee5a,Completed
473,20,1,2022-04-09 00:00:00,A100-40GB,75383,,,e9fd6145f0fe104a6d736eae0c97e345b6262df3,Timeout
474,20,8,2022-12-03 00:00:00,CPU-only-64GB,9265,57961.838,35604.52,7eb6874dfdd59ffa3a1e9bf76055077162972d15,Completed
475,20,10,2022-02-04 00:00:00,RTX-4090,93490,48146.396,20567.92,717adef45d8aedf04da491ecc9b5392fd2fccf63,Completed
476,20,21,2021-06-02 00:00:00,M2-Pro-32GB,72944,30572.318,38612.63,d5d76d40163220f04366bff860213e020d54cc8d,Completed
477,20,14,2022-12-09 00:00:00,CPU-only-64GB,42262,19527.844,35892.41,1f40378d796b7f0410c2aebb77b53c44d5269d60,Completed
478,20,11,2021-08-19 00:00:00,RTX-4090,68107,50506.467,16021.08,999a7c45bc33af8f522716ba48e4e5e06aefcf48,Completed
479,20,13,2021-06-25 00:00:00,RTX-4090,81792,62265.819,12330.92,92158526edfe20268c6d4eedb2c878371c6fff16,Completed
480,20,17,2021-09-30 00:00:00,A100-40GB,44074,10489.976,17138.8,932788e84b924b42fdf3dfd543f28c9c0c8a7fb6,Completed
481,20,23,2021-10-13 00:00:00,CPU-only-64GB,84440,24450.568,24408.06,82b53252a3f890ee3a0cf1bd1f1fd3949ef5166a,Completed
482,20,18,2021-01-06 00:00:00,TPU-v3,40929,32873.19,27198.75,e3f1d8e99a64293dd1f996577bc8338c8fbfb745,Completed
483,20,3,2023-11-13 00:00:00,CPU-only-64GB,29993,59418.385,21755.18,31676c7db6a3ee10fd4846a068242655d6ef682d,Completed
484,20,16,2022-03-17 00:00:00,CPU-only-64GB,47214,71989.839,36969.24,e8af19288235af56e037984cc88e5267bafa49c4,Completed
485,20,9,2021-06-19 00:00:00,A100-40GB,67747,9078.356,16537.13,98684fdd480c820f31d1a53d3eaa74783271dfbd,Completed
486,20,11,2023-06-20 00:00:00,CPU-only-64GB,87794,66346.352,39457.95,125de4e681cda632a0e9e9355ac8693f166b121e,Completed
487,20,6,2022-01-30 00:00:00,TPU-v3,37215,36409.53,5713.85,627c5bc5e33aec9f060479ad51db8b62ab2a8bb6,Completed
